DATE,Variety,Treatment,Conc,Block,Plot,Reading,W460,W510,W560,W610,W660,W710,W760,W810
6/29/2018,2,T8,4,1,101,1011,3.69,4.73,7.05,6.4,5.85,11.45,25.59,33.53
6/29/2018,2,T8,4,1,101,1012,2.95,3.77,6.13,5.1,4.29,10.48,27.44,33.32
6/29/2018,2,T6,2,1,102,1021,3.29,4.08,6.34,5.43,4.77,10.39,25.6,32.12
6/29/2018,2,T6,2,1,102,1022,3.11,3.93,6.14,5.15,4.49,10.33,26.88,32.08
6/29/2018,1,T4,5,1,103,1031,3.87,4.97,7.28,6.65,6.22,11.33,23.85,30.12
6/29/2018,1,T4,5,1,103,1032,3.22,4.13,6.24,5.37,5.2,9.92,22.61,28.65
6/29/2018,2,T7,3,1,104,1041,2.93,3.72,5.94,4.86,4.35,9.65,24.8,30.39
6/29/2018,2,T7,3,1,104,1042,2.91,3.68,6,4.84,4.29,9.7,24.91,30.59
6/29/2018,2,T9,5,1,105,1051,3.74,4.65,6.7,5.92,5.8,10.49,23.11,29.02
6/29/2018,2,T9,5,1,105,1052,3.8,4.64,6.74,5.9,5.85,10.71,23.29,29.94
6/29/2018,1,T2,3,1,106,1061,3.43,4.37,6.85,6,5.26,11.28,26.95,32.91
6/29/2018,1,T2,3,1,106,1062,3.49,4.47,6.86,5.73,5.4,10.93,25.6,32.28
6/29/2018,1,T5,0,1,107,1071,3.49,4.41,6.37,5.68,5.64,10.08,21.02,26.1
6/29/2018,1,T5,0,1,107,1072,3.68,4.6,6.7,5.85,5.65,10.89,23.84,28.7
6/29/2018,1,T3,4,1,108,1081,3.29,4.31,6.58,5.64,5.26,10.63,23.91,29.15
6/29/2018,1,T3,4,1,108,1082,3.59,4.59,6.83,5.95,5.7,10.9,23.88,30.02
6/29/2018,2,T10,0,1,109,1091,4.1,5.07,7.28,7.06,6.66,11.61,24.26,30.27
6/29/2018,2,T10,0,1,109,1092,3.52,4.6,6.82,6.31,5.54,11.66,26.56,33.32
6/29/2018,1,T1,2,1,110,1101,3.85,4.98,7.32,6.68,5.81,11.96,26.33,32.32
6/29/2018,1,T1,2,1,110,1102,3.61,4.75,6.99,6.43,5.78,11.7,25.44,31.94
6/29/2018,2,T9,5,2,201,2011,2.98,3.84,6.13,5.09,4.42,10.19,25.96,30.89
6/29/2018,2,T9,5,2,201,2012,3.57,4.46,6.94,5.54,4.71,10.98,28.7,33.47
6/29/2018,1,T2,3,2,202,2021,3.18,4.01,6.39,5.25,4.53,10.13,24.39,30.15
6/29/2018,1,T2,3,2,202,2022,3.23,4.1,6.53,5.29,4.54,10.66,26.81,31.94
6/29/2018,1,T1,2,2,203,2031,2.67,3.48,5.77,4.61,4.1,9.61,25.44,30.39
6/29/2018,1,T1,2,2,203,2032,2.68,3.47,5.79,4.66,3.97,9.55,24.7,30.18
6/29/2018,1,T5,0,2,204,2041,2.89,3.77,6.14,5,4.31,10.21,25.68,30.99
6/29/2018,1,T5,0,2,204,2042,3.39,4.36,6.54,5.79,5.39,10.29,21.88,28.23
6/29/2018,2,T8,4,2,205,2051,3.32,4.24,6.54,5.56,5.01,10.51,24.67,32.18
6/29/2018,2,T8,4,2,205,2052,3.53,4.46,6.75,5.78,5.41,10.69,24.52,32.11
6/29/2018,2,T6,2,2,206,2061,4.66,5.92,7.97,7.65,7.41,12.23,22.78,29.98
6/29/2018,2,T6,2,2,206,2062,3.83,4.77,7.17,6.06,5.65,11.3,24.64,32
6/29/2018,2,T7,3,2,207,2071,3.49,4.45,6.66,5.9,5.49,11.07,26.1,32.59
6/29/2018,2,T7,3,2,207,2072,3.62,4.62,6.7,5.96,6.18,10.94,23.27,30.32
6/29/2018,1,T4,5,2,208,2081,3.93,5.04,6.96,6.48,6.75,11.07,21.16,26.54
6/29/2018,1,T4,5,2,208,2082,3.39,4.31,6.49,5.54,5.25,10.18,21.75,28.28
6/29/2018,1,T3,4,2,209,2091,5.31,6.78,8.63,8.91,8.66,13.03,21.32,27.31
6/29/2018,1,T3,4,2,209,2092,5.03,6.37,8.19,8.49,8.35,12.51,20.82,25.46
6/29/2018,2,T10,0,2,210,2101,3.94,5.05,7.38,6.94,6.1,12.24,25.65,32.45
6/29/2018,2,T10,0,2,210,2102,4.22,5.3,7.52,6.86,6.87,12.04,24.01,29.75
6/29/2018,1,T5,0,3,301,3011,3.57,4.5,6.89,5.95,5.24,10.85,24.56,30.79
6/29/2018,1,T5,0,3,301,3012,3.64,4.62,7.12,6.06,5.44,11.6,26.02,31.69
6/29/2018,2,T6,2,3,302,3021,4.25,5.18,7.32,6.86,6.37,11.3,23.54,30.04
6/29/2018,2,T6,2,3,302,3022,3.29,4.1,6.43,5.35,4.69,10.65,26.96,33.35
6/29/2018,1,T3,4,3,303,3031,3.91,5,7.08,6.54,6.47,10.86,22.5,29.48
6/29/2018,1,T3,4,3,303,3032,3.37,4.35,6.52,5.78,5.41,10.18,22.38,29.09
6/29/2018,2,T8,4,3,304,3041,3.44,4.38,6.38,5.61,5.47,9.77,21.54,26.9
6/29/2018,2,T8,4,3,304,3042,3.17,3.99,6.06,5.26,4.81,9.66,22.59,27.91
6/29/2018,2,T9,5,3,305,3051,4.03,5.08,7.27,6.6,6.09,11.28,23.74,30.33
6/29/2018,2,T9,5,3,305,3052,3.37,4.24,6.73,5.49,4.92,10.93,26.95,33.97
6/29/2018,1,T4,5,3,306,3061,3.62,4.61,6.78,6.23,5.63,10.94,24.57,28.45
6/29/2018,1,T4,5,3,306,3062,3.26,4.23,6.6,5.74,5.06,10.97,25.87,31.21
6/29/2018,1,T1,2,3,307,3071,3.21,4.2,6.33,5.61,5.26,10.42,22.97,28.37
6/29/2018,1,T1,2,3,307,3072,3.43,4.46,6.63,5.59,5.63,10.54,23.89,29.54
6/29/2018,2,T10,0,3,308,3081,3.3,4.29,6.32,5.63,5.37,10.26,23.27,28.7
6/29/2018,2,T10,0,3,308,3082,3.31,4.25,6.46,5.73,5.14,10.56,24.67,30.16
6/29/2018,2,T7,3,3,309,3091,3.89,5,7.08,6.69,6.32,11.45,24.81,29.98
6/29/2018,2,T7,3,3,309,3092,3.84,4.86,6.98,6.34,6.03,11.26,24.63,30.55
6/29/2018,1,T2,3,3,310,3101,3.75,4.82,6.98,6.26,5.92,11.09,22.99,28.38
6/29/2018,1,T2,3,3,310,3102,3.94,5.09,7.3,6.84,6.4,11.92,24.96,30.38
6/29/2018,1,T3,4,4,401,4011,3.05,3.89,6.26,5.03,4.33,10.14,26.33,32.34
6/29/2018,1,T3,4,4,401,4012,3.5,4.33,6.47,5.81,5.22,10.35,23.44,27.42
6/29/2018,2,T6,2,4,402,4021,3.43,4.29,6.68,5.72,5.07,10.69,25.7,32.09
6/29/2018,2,T6,2,4,402,4022,3.09,3.86,6.27,5.12,4.3,10.53,27.87,33.23
6/29/2018,1,T5,0,4,403,4031,2.98,3.88,6.07,5.12,4.57,9.63,22.52,28.45
6/29/2018,1,T5,0,4,403,4032,3,3.82,6.06,5.02,4.52,9.66,22.71,29.46
6/29/2018,1,T2,3,4,404,4041,3.29,4.16,6.26,5.46,5.01,9.71,21.42,27.08
6/29/2018,1,T2,3,4,404,4042,3.1,3.96,6.01,5.19,4.83,9.52,21.9,26.05
6/29/2018,1,T1,2,4,405,4051,4.05,5.25,7.41,7.19,6.52,11.88,24.14,29.77
6/29/2018,1,T1,2,4,405,4052,3.76,4.87,7.17,6.55,5.99,11.74,26.17,32.63
6/29/2018,1,T4,5,4,406,4061,3.7,4.88,7.19,6.27,5.76,11.59,25.29,31.48
6/29/2018,1,T4,5,4,406,4062,4.15,5.37,7.44,6.86,6.81,11.77,22.64,28.37
6/29/2018,2,T10,0,4,407,4071,3.1,3.94,5.97,5.21,4.85,9.89,23.26,29.32
6/29/2018,2,T10,0,4,407,4072,3.36,4.35,6.63,5.57,5.12,10.73,24.87,31.28
6/29/2018,2,T8,4,4,408,4081,3.01,3.9,6.02,5.17,4.71,10.1,24.46,30.6
6/29/2018,2,T8,4,4,408,4082,3.53,4.55,6.85,6.07,5.66,11.09,23.86,30.77
6/29/2018,2,T7,3,4,409,4091,3.94,5.1,7.34,6.91,6.22,11.95,25.81,32.08
6/29/2018,2,T7,3,4,409,4092,3.63,4.62,6.95,6.41,5.79,11.82,27.01,32.92
6/29/2018,2,T9,5,4,410,4101,4.65,5.93,7.98,8.01,7.53,12.57,23.09,29.03
6/29/2018,2,T9,5,4,410,4102,4.75,6,8.04,8.18,7.9,12.9,23.88,29.32
6/29/2018,2,T10,0,5,501,5011,3.53,4.35,6.66,5.7,4.99,10.83,26.88,32.17
6/29/2018,2,T10,0,5,501,5012,3.45,4.29,6.52,5.44,4.75,10.56,26.16,31.34
6/29/2018,1,T2,3,5,502,5021,3.79,4.74,7.03,6.34,5.71,11.44,25.58,32.1
6/29/2018,1,T2,3,5,502,5022,3.87,4.88,7.29,6.47,5.7,11.73,26.7,31.39
6/29/2018,1,T5,0,5,503,5031,3.2,4.1,6.34,5.32,4.79,10.08,23.65,29.23
6/29/2018,1,T5,0,5,503,5032,3.57,4.56,6.86,6.16,5.56,10.88,24.1,30.73
6/29/2018,2,T8,4,5,504,5041,3.09,3.85,6.02,4.91,4.67,9.53,22.85,30.24
6/29/2018,2,T8,4,5,504,5042,3.57,4.54,6.79,5.89,5.3,10.94,25.9,32.52
6/29/2018,2,T7,3,5,505,5051,3.43,4.42,6.7,5.97,5.39,10.98,24.18,30.08
6/29/2018,2,T7,3,5,505,5052,3.99,5.09,7.25,6.6,6.24,11.5,23.64,30.34
6/29/2018,2,T9,5,5,506,5061,4.9,6.2,8.12,8.14,7.91,12.78,22.13,28.07
6/29/2018,2,T9,5,5,506,5062,3.78,4.8,6.98,6.05,5.97,11.19,24.29,30.54
6/29/2018,2,T6,2,5,507,5071,3.82,4.82,6.65,6.11,6.3,10.17,20.44,25.9
6/29/2018,2,T6,2,5,507,5072,3.56,4.58,6.79,6.08,5.59,10.85,23.62,30.18
6/29/2018,1,T4,5,5,508,5081,3.66,4.67,6.61,6.14,6,10.58,21.78,27
6/29/2018,1,T4,5,5,508,5082,3.53,4.5,6.7,5.93,5.86,10.9,22.66,29.14
6/29/2018,1,T3,4,5,509,5091,5.03,6.27,8.2,8.05,8.27,12.67,23.12,27.6
6/29/2018,1,T3,4,5,509,5092,4.36,5.53,7.64,7.45,7.16,12.44,24.4,29.83
6/29/2018,1,T1,2,5,510,5101,4.28,5.4,7.44,7.09,6.83,11.79,24.29,29.41
6/29/2018,1,T1,2,5,510,5102,3.75,4.83,7.05,6.14,5.83,11.33,25.22,31
6/29/2018,1,T3,4,6,601,6011,3.76,4.73,7.11,6.22,5.55,11.2,24.5,30.7
6/29/2018,1,T3,4,6,601,6012,4.05,5.09,7.27,6.71,6.19,11.34,23.12,30.14
6/29/2018,2,T6,2,6,602,6021,3.69,4.63,6.97,6.04,5.53,11.25,26.11,31.96
6/29/2018,2,T6,2,6,602,6022,3.54,4.4,6.75,5.7,5.11,10.71,25.79,31.25
6/29/2018,1,T1,2,6,603,6031,3.72,4.71,6.95,6.22,5.81,10.61,23.3,29.44
6/29/2018,1,T1,2,6,603,6032,3.44,4.32,6.56,5.8,5.4,10.33,22.82,28.7
6/29/2018,1,T5,0,6,604,6041,3.94,4.97,7.22,6.63,6.28,11.23,24.41,30.56
6/29/2018,1,T5,0,6,604,6042,3.79,4.74,6.74,6,5.84,10.11,20.38,26.54
6/29/2018,2,T8,4,6,605,6051,3.71,4.74,6.97,6.42,5.7,11.34,25.21,30.06
6/29/2018,2,T8,4,6,605,6052,3.81,4.76,6.96,6.21,5.95,11.11,24.13,30.36
6/29/2018,2,T7,3,6,606,6061,3.9,4.99,7.19,6.57,6.07,11.39,23.02,29.55
6/29/2018,2,T7,3,6,606,6062,4.18,5.28,7.37,6.43,6.72,11.41,23.58,30.13
6/29/2018,1,T4,5,6,607,6071,4.24,5.35,7.38,6.79,6.89,11.18,20.53,26.77
6/29/2018,1,T4,5,6,607,6072,3.86,4.86,6.89,6.35,6.16,10.65,20.95,26.88
6/29/2018,2,T9,5,6,608,6081,3.98,5.08,7.07,6.65,6.37,11.37,22.56,28.19
6/29/2018,2,T9,5,6,608,6082,4.36,5.41,7.38,7.16,6.95,11.79,22.3,28.41
6/29/2018,1,T2,3,6,609,6091,4.17,5.3,7.52,7.21,6.59,12.23,24.69,30.22
6/29/2018,1,T2,3,6,609,6092,4.2,5.34,7.5,7.03,6.47,11.88,24.27,30.36
6/29/2018,2,T10,0,6,610,6101,4.49,5.68,7.68,7.55,7.16,12.68,25.57,31.2
6/29/2018,2,T10,0,6,610,6102,4.79,5.94,8.01,8.19,7.47,12.89,24.65,29.44
7/21/2018,2,T8,4,1,101,1011,2,2.7,4.45,3.63,2.82,9.38,39.46,46.84
7/21/2018,2,T8,4,1,101,1012,2.15,2.87,4.68,3.79,2.95,9.48,38.92,46.5
7/21/2018,2,T6,2,1,102,1021,2.05,2.77,4.6,3.68,2.79,9.54,40.08,47.83
7/21/2018,2,T6,2,1,102,1022,1.95,2.59,4.4,3.41,2.65,9.38,40.86,49.54
7/21/2018,1,T4,5,1,103,1031,2.15,2.94,4.85,4.17,3.31,9.84,35.77,42.25
7/21/2018,1,T4,5,1,103,1032,2.07,2.87,4.75,3.94,3.16,9.97,37.62,42.83
7/21/2018,2,T7,3,1,104,1041,1.85,2.49,4.3,3.33,2.46,9.46,41.89,49.51
7/21/2018,2,T7,3,1,104,1042,1.84,2.48,4.3,3.28,2.52,9.11,39.39,46.44
7/21/2018,2,T9,5,1,105,1051,2.08,2.8,4.55,3.76,2.89,9.72,40.87,48.35
7/21/2018,2,T9,5,1,105,1052,2.15,2.85,4.63,3.93,3,9.68,39.13,46.64
7/21/2018,1,T2,3,1,106,1061,2.13,2.91,4.91,4.1,2.96,10.21,40.27,46.92
7/21/2018,1,T2,3,1,106,1062,2.3,3.08,4.97,4.31,3.29,10.13,38.61,45.03
7/21/2018,1,T5,0,1,107,1071,2.2,2.99,4.89,4.12,3.08,9.84,36.65,42.8
7/21/2018,1,T5,0,1,107,1072,2.28,3.04,5.12,4.18,3.09,10.28,38.51,44.12
7/21/2018,1,T3,4,1,108,1081,2.25,3.03,4.95,4.12,3.04,9.92,38.64,44.73
7/21/2018,1,T3,4,1,108,1082,2.32,3.12,4.9,4.4,3.33,9.69,35.6,41.39
7/21/2018,2,T10,0,1,109,1091,2.1,2.77,4.54,3.82,2.73,9.81,42.34,49.51
7/21/2018,2,T10,0,1,109,1092,2.34,3.06,4.76,4.23,3.29,9.53,37.05,44.22
7/21/2018,1,T1,2,1,110,1101,2.34,3.16,5.08,4.33,3.25,9.92,37.05,43.61
7/21/2018,1,T1,2,1,110,1102,2.26,3.07,4.98,4.34,3.26,10.02,36.84,43.24
7/21/2018,2,T9,5,2,201,2011,1.85,2.49,4.35,3.29,2.57,9.3,38.87,46.12
7/21/2018,2,T9,5,2,201,2012,1.83,2.47,4.36,3.22,2.4,9.63,42.51,50.33
7/21/2018,1,T2,3,2,202,2021,2.02,2.8,4.74,3.76,2.84,9.49,36.15,42.81
7/21/2018,1,T2,3,2,202,2022,2.05,2.79,4.66,3.86,3.03,9.64,37.24,43.76
7/21/2018,1,T1,2,2,203,2031,1.99,2.63,4.62,3.72,2.74,9.79,40.75,46.96
7/21/2018,1,T1,2,2,203,2032,2.02,2.74,4.61,3.84,3.03,9.37,35.92,42.39
7/21/2018,1,T5,0,2,204,2041,1.97,2.68,4.52,3.73,2.9,9.38,37,43.43
7/21/2018,1,T5,0,2,204,2042,2.1,2.85,4.72,3.93,3.08,9.62,35.97,41.81
7/21/2018,2,T8,4,2,205,2051,1.87,2.48,4.23,3.4,2.4,9.6,44.07,52.02
7/21/2018,2,T8,4,2,205,2052,1.97,2.6,4.4,3.51,2.58,9.75,42.72,50.54
7/21/2018,2,T6,2,2,206,2061,2.07,2.76,4.59,3.76,2.84,9.79,38.23,45.59
7/21/2018,2,T6,2,2,206,2062,2,2.74,4.7,3.75,2.77,10.17,41.2,47.91
7/21/2018,2,T7,3,2,207,2071,2,2.67,4.54,3.51,2.54,9.68,42.22,50.26
7/21/2018,2,T7,3,2,207,2072,2.12,2.83,4.75,3.92,2.91,9.86,40.45,48.58
7/21/2018,1,T4,5,2,208,2081,2.45,3.33,5.25,4.71,3.58,10.26,35.86,41.94
7/21/2018,1,T4,5,2,208,2082,2.26,3.06,5.1,4.28,3.2,10.2,36.84,42.32
7/21/2018,1,T3,4,2,209,2091,2.66,3.57,5.39,5.11,4.01,10.28,32.65,38.95
7/21/2018,1,T3,4,2,209,2092,2.6,3.47,5.4,4.9,3.75,10.21,33.57,39.8
7/21/2018,2,T10,0,2,210,2101,2.16,2.87,4.77,4.04,2.92,9.92,39.72,47.14
7/21/2018,2,T10,0,2,210,2102,2.03,2.77,4.55,3.78,2.72,9.8,41.58,47.77
7/21/2018,1,T5,0,3,301,3011,2.15,2.92,4.86,3.91,3.14,9.59,35.23,41.78
7/21/2018,1,T5,0,3,301,3012,2.17,2.97,4.83,4.12,3.42,9.47,33.48,39.75
7/21/2018,2,T6,2,3,302,3021,2.07,2.81,4.54,3.89,3.11,9.26,35.33,42.42
7/21/2018,2,T6,2,3,302,3022,2.13,2.86,4.67,3.92,3.11,9.39,35.67,42.81
7/21/2018,1,T3,4,3,303,3031,2.21,3.02,4.87,4.27,3.39,9.75,35.96,41.76
7/21/2018,1,T3,4,3,303,3032,2.18,2.98,4.9,4.16,3.25,9.93,36.96,42.5
7/21/2018,2,T8,4,3,304,3041,2,2.72,4.59,3.72,2.86,9.63,38.1,44.48
7/21/2018,2,T8,4,3,304,3042,2.01,2.72,4.6,3.64,2.87,9.5,38.67,45.55
7/21/2018,2,T9,5,3,305,3051,2.09,2.83,4.68,3.81,2.91,9.66,38.18,45.28
7/21/2018,2,T9,5,3,305,3052,2.03,2.75,4.62,3.63,2.76,9.69,38.95,45.67
7/21/2018,1,T4,5,3,306,3061,2.38,3.24,5.24,4.58,3.62,10.51,37.16,42.35
7/21/2018,1,T4,5,3,306,3062,2.16,2.99,4.96,4.22,3.17,10.14,37.2,42.92
7/21/2018,1,T1,2,3,307,3071,2.34,3.16,4.93,4.48,3.61,9.84,34.06,38.56
7/21/2018,1,T1,2,3,307,3072,2.17,2.97,4.87,4.23,3.18,9.73,36.13,41.97
7/21/2018,2,T10,0,3,308,3081,2.42,3.22,4.95,4.53,3.59,9.98,37.83,43.49
7/21/2018,2,T10,0,3,308,3082,2.22,2.99,4.77,4.2,3.17,9.75,37.2,43.31
7/21/2018,2,T7,3,3,309,3091,2.3,3.07,4.78,4.25,3.24,9.73,37.94,43.49
7/21/2018,2,T7,3,3,309,3092,2.23,2.93,4.59,4.08,3.12,9.41,36.11,42.75
7/21/2018,1,T2,3,3,310,3101,2.51,3.34,5.13,4.65,3.63,9.75,34.31,40.26
7/21/2018,1,T2,3,3,310,3102,2.82,3.79,5.6,5.35,4.24,10.55,34.89,40.33
7/21/2018,1,T3,4,4,401,4011,2.23,2.99,4.99,4.09,3.24,9.72,36.25,43.37
7/21/2018,1,T3,4,4,401,4012,2.31,3.15,5.14,4.08,3.43,9.56,34.2,41.38
7/21/2018,2,T6,2,4,402,4021,2.04,2.72,4.57,3.69,2.9,9.41,37.52,44.76
7/21/2018,2,T6,2,4,402,4022,1.87,2.57,4.46,3.42,2.55,9.55,40.31,47.63
7/21/2018,1,T5,0,4,403,4031,2.09,2.7,4.82,3.79,2.98,9.57,36.6,42.61
7/21/2018,1,T5,0,4,403,4032,2.28,3.11,4.95,4.35,3.51,9.7,34.38,40.55
7/21/2018,1,T2,3,4,404,4041,2.3,3.15,5.2,4.41,3.39,10.27,38.2,43.96
7/21/2018,1,T2,3,4,404,4042,2.51,3.37,5.41,4.47,3.68,10.32,34.63,40.36
7/21/2018,1,T1,2,4,405,4051,2.25,3.09,5.08,4.23,3.36,10.08,36.67,42.29
7/21/2018,1,T1,2,4,405,4052,2.39,3.27,5.18,4.58,3.63,10.32,36.54,42.15
7/21/2018,1,T4,5,4,406,4061,2.54,3.43,5.29,4.75,3.84,10.11,34.81,40.65
7/21/2018,1,T4,5,4,406,4062,2.46,3.4,5.55,4.63,3.62,10.45,35.99,42.34
7/21/2018,2,T10,0,4,407,4071,2.19,2.86,4.51,3.95,3.06,9.32,36.92,43.42
7/21/2018,2,T10,0,4,407,4072,2.25,2.92,4.74,4.08,3.01,9.85,38.93,44.92
7/21/2018,2,T8,4,4,408,4081,2.15,2.87,4.64,4.04,3.04,9.71,38.59,45.55
7/21/2018,2,T8,4,4,408,4082,2.05,2.76,4.39,3.82,2.94,9.03,34.63,40.86
7/21/2018,2,T7,3,4,409,4091,2.13,2.86,4.69,3.94,2.82,9.87,39.74,46.97
7/21/2018,2,T7,3,4,409,4092,2.3,3.09,4.9,4.32,3.26,9.95,38.68,45.68
7/21/2018,2,T9,5,4,410,4101,2.38,3.26,5.13,4.55,3.49,9.98,34.54,41.89
7/21/2018,2,T9,5,4,410,4102,2.31,3.18,5.11,4.47,3.21,10.42,39.11,44.72
7/21/2018,2,T10,0,5,501,5011,1.97,2.69,4.43,3.62,2.82,9.17,36.93,43.96
7/21/2018,2,T10,0,5,501,5012,2.05,2.74,4.54,3.76,2.86,9.55,38.27,45.07
7/21/2018,1,T2,3,5,502,5021,2.26,3.04,4.95,4.19,3.26,9.79,35.46,42.01
7/21/2018,1,T2,3,5,502,5022,2.39,3.25,5.11,4.46,3.58,9.84,34.17,40.23
7/21/2018,1,T5,0,5,503,5031,2.19,2.93,4.86,4.08,3.25,9.88,36.78,42.89
7/21/2018,1,T5,0,5,503,5032,2.47,3.31,5.32,4.57,3.57,10.69,37.83,43.93
7/21/2018,2,T8,4,5,504,5041,1.79,2.39,4.22,3.23,2.46,9.39,40.19,48.2
7/21/2018,2,T8,4,5,504,5042,1.85,2.5,4.26,3.47,2.68,9.34,39.2,47.54
7/21/2018,2,T7,3,5,505,5051,2.43,3.29,5.17,4.46,3.53,10.15,37.49,44.21
7/21/2018,2,T7,3,5,505,5052,2.3,3.14,5.26,4.1,3.02,10.36,39.98,46.86
7/21/2018,2,T9,5,5,506,5061,2.13,2.82,4.79,3.89,2.92,9.96,40.15,47.09
7/21/2018,2,T9,5,5,506,5062,2.04,2.77,4.66,3.85,2.95,9.8,39.74,46.84
7/21/2018,2,T6,2,5,507,5071,2.13,2.84,4.64,3.91,2.99,9.54,37.23,43.92
7/21/2018,2,T6,2,5,507,5072,2.04,2.74,4.51,3.74,2.83,9.62,38.88,44.76
7/21/2018,1,T4,5,5,508,5081,2.65,3.56,5.35,5.02,3.95,10.2,33.12,37.8
7/21/2018,1,T4,5,5,508,5082,2.3,3.09,4.89,4.46,3.31,9.78,34.66,40.24
7/21/2018,1,T3,4,5,509,5091,2.88,3.83,5.68,5.43,4.45,10.5,33.05,38.24
7/21/2018,1,T3,4,5,509,5092,2.67,3.57,5.4,5.08,4,10.05,32.18,37.4
7/21/2018,1,T1,2,5,510,5101,2.7,3.6,5.41,5.05,3.89,10.31,34.5,39.43
7/21/2018,1,T1,2,5,510,5102,2.37,3.23,5.1,4.6,3.41,10.02,35.4,41.25
7/21/2018,1,T3,4,6,601,6011,2.21,3.06,4.98,4.42,3.51,9.71,33.38,38.74
7/21/2018,1,T3,4,6,601,6012,2.46,3.33,5.23,4.69,3.7,9.96,32.11,37.7
7/21/2018,2,T6,2,6,602,6021,2.01,2.74,4.71,3.76,2.96,9.7,37.84,44.75
7/21/2018,2,T6,2,6,602,6022,2.03,2.69,4.66,3.63,2.74,9.76,39.91,46.1
7/21/2018,1,T1,2,6,603,6031,2.26,3.01,4.99,4.19,3.23,10.13,37.44,43.9
7/21/2018,1,T1,2,6,603,6032,2.24,3.02,4.95,4.23,3.35,9.82,35.87,42.2
7/21/2018,1,T5,0,6,604,6041,2.21,3.05,5.07,4.34,3.4,10.15,35.88,42.18
7/21/2018,1,T5,0,6,604,6042,2.36,3.2,5.04,4.49,3.59,9.79,33.83,39.86
7/21/2018,2,T8,4,6,605,6051,2.28,3.09,5,4.31,3.36,9.8,36.08,42.35
7/21/2018,2,T8,4,6,605,6052,2.24,3.01,4.83,4.29,3.39,9.77,36.85,43.61
7/21/2018,2,T7,3,6,606,6061,2.25,3.01,4.78,4.18,3.28,9.64,37.34,44.31
7/21/2018,2,T7,3,6,606,6062,2.16,2.93,5.13,3.78,2.77,10.44,43.11,50.17
7/21/2018,1,T4,5,6,607,6071,2.42,3.24,5,4.7,3.68,9.66,32.95,38.59
7/21/2018,1,T4,5,6,607,6072,2.62,3.51,5.24,4.95,3.97,9.98,33.11,38.91
7/21/2018,2,T9,5,6,608,6081,2.04,2.74,4.54,3.77,2.77,9.51,39.57,46.76
7/21/2018,2,T9,5,6,608,6082,1.96,2.69,4.63,3.74,2.69,9.68,39.75,47.34
7/21/2018,1,T2,3,6,609,6091,2.43,3.27,5.09,4.75,3.67,9.91,34.07,40.2
7/21/2018,1,T2,3,6,609,6092,2.41,3.3,5.12,4.68,3.57,9.87,34.73,40.74
7/21/2018,2,T10,0,6,610,6101,2.18,2.88,4.78,4.09,2.97,9.99,39.38,45.48
7/21/2018,2,T10,0,6,610,6102,2.05,2.78,4.68,3.8,2.82,9.78,40.41,46.79
7/29/2018,2,T8,4,1,101,1011,1.41,1.92,3.48,2.69,1.91,8.49,42.13,51.17
7/29/2018,2,T8,4,1,101,1012,1.42,1.85,3.53,2.72,1.89,8.6,42.9,51.82
7/29/2018,2,T6,2,1,102,1021,1.39,1.9,3.57,2.74,2.12,8.89,43.41,52.59
7/29/2018,2,T6,2,1,102,1022,1.34,1.84,3.48,2.61,1.81,8.52,42.18,51.79
7/29/2018,1,T4,5,1,103,1031,1.38,1.94,3.6,2.76,2.27,8.11,34.71,40.62
7/29/2018,1,T4,5,1,103,1032,1.26,1.82,3.37,2.64,2.1,7.87,34.79,40.58
7/29/2018,2,T7,3,1,104,1041,1.38,1.81,3.35,2.56,1.95,8.06,41.04,48.3
7/29/2018,2,T7,3,1,104,1042,1.32,1.8,3.41,2.56,1.99,8.06,39.09,46.32
7/29/2018,2,T9,5,1,105,1051,1.43,1.91,3.56,2.71,2.13,8.44,41.82,49.14
7/29/2018,2,T9,5,1,105,1052,1.53,2.02,3.68,2.8,2.13,8.73,42.87,49.84
7/29/2018,1,T2,3,1,106,1061,1.41,1.96,3.68,2.7,2.17,8.24,36.72,43.52
7/29/2018,1,T2,3,1,106,1062,1.43,1.98,3.68,2.91,2.2,8.62,38.9,44.77
7/29/2018,1,T5,0,1,107,1071,1.42,1.98,3.61,2.94,2.59,8.23,34.3,41.01
7/29/2018,1,T5,0,1,107,1072,1.4,1.95,3.61,2.89,2.33,8.04,34.42,41.39
7/29/2018,1,T3,4,1,108,1081,1.48,2.06,3.73,2.9,2.31,8.54,37.26,43.69
7/29/2018,1,T3,4,1,108,1082,1.41,1.96,3.57,2.88,2.32,7.96,33.86,40.38
7/29/2018,2,T10,0,1,109,1091,1.5,2.01,3.58,2.82,2.21,8.52,39.73,47.69
7/29/2018,2,T10,0,1,109,1092,1.43,1.94,3.5,2.76,2.15,8.3,38.75,46.63
7/29/2018,1,T1,2,1,110,1101,1.48,2.06,3.72,2.89,2.38,8.18,33.88,40.91
7/29/2018,1,T1,2,1,110,1102,1.49,2.08,3.74,2.99,2.48,8.27,34.17,41.1
7/29/2018,2,T9,5,2,201,2011,1.27,1.76,3.45,2.48,1.8,8.18,39.32,48.3
7/29/2018,2,T9,5,2,201,2012,1.26,1.68,3.23,2.41,1.7,8.19,43.23,50.7
7/29/2018,1,T2,3,2,202,2021,1.27,1.78,3.41,2.57,1.87,7.88,35.6,42.12
7/29/2018,1,T2,3,2,202,2022,1.3,1.78,3.42,2.58,1.9,7.91,36.23,42.89
7/29/2018,1,T1,2,2,203,2031,1.28,1.84,3.49,2.61,1.96,7.98,34.87,41.7
7/29/2018,1,T1,2,2,203,2032,1.3,1.87,3.42,2.64,2.18,7.69,32.22,38.95
7/29/2018,1,T5,0,2,204,2041,1.27,1.81,3.36,2.6,2.12,7.64,33.13,39.78
7/29/2018,1,T5,0,2,204,2042,1.35,1.89,3.47,2.69,2.1,7.81,33.65,39.78
7/29/2018,2,T8,4,2,205,2051,1.43,1.92,3.47,2.62,2.02,8.53,44.42,52.43
7/29/2018,2,T8,4,2,205,2052,1.49,2.02,3.73,2.81,2.1,8.97,44.59,51.81
7/29/2018,2,T6,2,2,206,2061,1.42,1.96,3.69,2.73,2.06,8.56,40.18,47.03
7/29/2018,2,T6,2,2,206,2062,1.42,1.97,3.74,2.82,2.06,8.79,41.94,48.69
7/29/2018,2,T7,3,2,207,2071,1.45,1.96,3.51,2.76,2.13,8.61,43.13,51.41
7/29/2018,2,T7,3,2,207,2072,1.45,1.98,3.67,2.85,2.17,8.79,41.79,50.28
7/29/2018,1,T4,5,2,208,2081,1.56,2.2,3.96,3.14,2.5,8.88,35.5,41.64
7/29/2018,1,T4,5,2,208,2082,1.62,2.26,4.2,3.26,2.47,9.22,36.88,43.01
7/29/2018,1,T3,4,2,209,2091,1.55,2.15,3.82,3.16,2.6,8.13,31.5,38.51
7/29/2018,1,T3,4,2,209,2092,1.53,2.15,3.91,3.11,2.54,8.39,32.84,39.79
7/29/2018,2,T10,0,2,210,2101,1.49,2.02,3.66,2.86,2.27,8.57,39.87,47.66
7/29/2018,2,T10,0,2,210,2102,1.42,1.92,3.51,2.69,2.16,8.07,38.26,45.87
7/29/2018,1,T5,0,3,301,3011,1.33,1.84,3.52,2.65,1.94,8.27,37.03,42.71
7/29/2018,1,T5,0,3,301,3012,1.26,1.8,3.44,2.6,1.98,7.92,35.14,41.5
7/29/2018,2,T6,2,3,302,3021,1.34,1.84,3.41,2.57,1.93,7.96,36.99,44.38
7/29/2018,2,T6,2,3,302,3022,1.35,1.86,3.52,2.71,1.98,8.31,39.16,46.31
7/29/2018,1,T3,4,3,303,3031,1.35,1.93,3.53,2.76,2.25,7.83,33.05,39.39
7/29/2018,1,T3,4,3,303,3032,1.34,1.92,3.54,2.74,2.19,7.96,33.91,39.72
7/29/2018,2,T8,4,3,304,3041,1.33,1.87,3.53,2.67,2.03,8.28,38.81,45.51
7/29/2018,2,T8,4,3,304,3042,1.3,1.77,3.32,2.48,2.05,7.73,36.91,43.41
7/29/2018,2,T9,5,3,305,3051,1.43,1.98,3.68,2.76,2.12,8.46,39.14,45.98
7/29/2018,2,T9,5,3,305,3052,1.47,2,3.74,2.75,2.14,8.65,40.13,47.72
7/29/2018,1,T4,5,3,306,3061,1.4,2.03,3.89,2.84,2.25,8.48,35.18,41.2
7/29/2018,1,T4,5,3,306,3062,1.34,1.92,3.72,2.79,2.14,8.19,34.11,40.51
7/29/2018,1,T1,2,3,307,3071,1.49,2.1,3.88,3,2.38,8.72,35.49,41.54
7/29/2018,1,T1,2,3,307,3072,1.48,2.05,3.82,2.98,2.3,8.58,35.3,41.44
7/29/2018,2,T10,0,3,308,3081,1.38,1.9,3.48,2.68,2.11,7.85,34.89,42.24
7/29/2018,2,T10,0,3,308,3082,1.41,1.94,3.5,2.77,2.21,7.94,35.14,42.05
7/29/2018,2,T7,3,3,309,3091,1.48,1.98,3.56,2.87,2.3,8.08,36.89,43.91
7/29/2018,2,T7,3,3,309,3092,1.41,1.92,3.5,2.76,2.17,8.15,37.36,44.85
7/29/2018,1,T2,3,3,310,3101,1.52,2.07,3.64,2.91,2.53,7.78,31.29,37.32
7/29/2018,1,T2,3,3,310,3102,1.58,2.18,3.8,3.12,2.69,8,30.72,36.79
7/29/2018,1,T3,4,4,401,4011,1.23,1.75,3.38,2.57,1.93,7.81,34.62,41.22
7/29/2018,1,T3,4,4,401,4012,1.31,1.84,3.45,2.62,2.04,7.8,34.1,40.35
7/29/2018,2,T6,2,4,402,4021,1.37,1.84,3.41,2.61,2.14,8.34,39.82,48.09
7/29/2018,2,T6,2,4,402,4022,1.4,1.88,3.48,2.62,2.01,8.29,39.48,47.11
7/29/2018,1,T5,0,4,403,4031,1.31,1.88,3.44,2.59,2.13,7.44,31.37,37.31
7/29/2018,1,T5,0,4,403,4032,1.36,1.91,3.52,2.74,2.19,7.69,31.51,37.75
7/29/2018,1,T2,3,4,404,4041,1.39,1.97,3.54,2.82,2.28,7.76,31.75,37.09
7/29/2018,1,T2,3,4,404,4042,1.25,1.76,3.34,2.54,2.04,7.4,31.35,37.42
7/29/2018,1,T1,2,4,405,4051,1.41,2,3.78,2.83,2.24,8.41,33.68,40.5
7/29/2018,1,T1,2,4,405,4052,1.46,2.04,3.82,2.97,2.43,8.26,33.78,40.46
7/29/2018,1,T4,5,4,406,4061,1.37,1.94,3.69,2.82,2.31,8.1,32.31,38.63
7/29/2018,1,T4,5,4,406,4062,1.45,2.07,3.89,3.05,2.48,8.59,34.35,40.61
7/29/2018,2,T10,0,4,407,4071,1.38,1.84,3.37,2.62,2.13,7.79,36.76,44.87
7/29/2018,2,T10,0,4,407,4072,1.38,1.89,3.44,2.67,2.13,7.91,36.22,43.7
7/29/2018,2,T8,4,4,408,4081,1.37,1.88,3.4,2.66,2.18,7.82,35.47,42.64
7/29/2018,2,T8,4,4,408,4082,1.31,1.82,3.38,2.64,2.1,7.6,34.71,41.98
7/29/2018,2,T7,3,4,409,4091,1.48,1.98,3.62,2.8,2.25,8.32,39,45.77
7/29/2018,2,T7,3,4,409,4092,1.46,1.99,3.59,2.8,2.22,8.12,36.81,43.87
7/29/2018,2,T9,5,4,410,4101,1.55,2.15,3.9,3.08,2.39,8.5,36.52,43.35
7/29/2018,2,T9,5,4,410,4102,1.52,2.1,3.88,3.05,2.31,8.7,39.18,44.93
7/29/2018,2,T10,0,5,501,5011,1.35,1.81,3.38,2.62,2.03,8.2,38.58,46.48
7/29/2018,2,T10,0,5,501,5012,1.38,1.89,3.51,2.66,2.09,8.39,39.42,47.63
7/29/2018,1,T2,3,5,502,5021,1.45,2.04,3.6,2.9,2.38,8.03,33.58,40.21
7/29/2018,1,T2,3,5,502,5022,1.41,1.93,3.53,2.77,2.28,7.77,31.36,37.87
7/29/2018,1,T5,0,5,503,5031,1.39,1.98,3.58,2.75,2.21,7.94,33.53,39.64
7/29/2018,1,T5,0,5,503,5032,1.34,1.89,3.48,2.68,2.19,7.73,33.12,39.92
7/29/2018,2,T8,4,5,504,5041,1.3,1.79,3.35,2.54,1.95,7.93,39.02,46.75
7/29/2018,2,T8,4,5,504,5042,1.3,1.77,3.3,2.49,1.94,7.8,38.33,46.4
7/29/2018,2,T7,3,5,505,5051,1.44,1.96,3.74,2.88,2.22,8.69,39.17,47.02
7/29/2018,2,T7,3,5,505,5052,1.41,1.94,3.74,2.9,2.39,9.11,40.91,48.7
7/29/2018,2,T9,5,5,506,5061,1.44,1.97,3.72,2.78,2.21,8.7,40.12,48.57
7/29/2018,2,T9,5,5,506,5062,1.37,1.9,3.61,2.78,2.15,8.39,38.83,46.62
7/29/2018,2,T6,2,5,507,5071,1.41,1.93,3.6,2.76,2.1,8.31,38.44,45.68
7/29/2018,2,T6,2,5,507,5072,1.33,1.84,3.44,2.65,2.05,7.97,37.76,44.62
7/29/2018,1,T4,5,5,508,5081,1.51,2.07,3.63,2.96,2.55,7.51,29.22,35.18
7/29/2018,1,T4,5,5,508,5082,1.44,2.01,3.61,2.87,2.45,7.79,31.38,37.73
7/29/2018,1,T3,4,5,509,5091,1.6,2.24,3.93,3.25,2.79,8.1,30.1,35.67
7/29/2018,1,T3,4,5,509,5092,1.56,2.15,3.84,3.09,2.6,7.86,29.18,34.79
7/29/2018,1,T1,2,5,510,5101,1.64,2.3,3.92,3.33,2.79,8.2,31.54,37.11
7/29/2018,1,T1,2,5,510,5102,1.53,2.14,3.85,3.08,2.53,8.17,33.58,39.58
7/29/2018,1,T3,4,6,601,6011,1.49,2.09,3.81,2.99,2.42,8.12,31.07,36.96
7/29/2018,1,T3,4,6,601,6012,1.44,2.03,3.73,2.91,2.32,8.06,31.7,37.3
7/29/2018,2,T6,2,6,602,6021,1.32,1.78,3.39,2.54,1.89,8.02,38.33,45.51
7/29/2018,2,T6,2,6,602,6022,1.32,1.82,3.48,2.62,1.99,8.18,39.35,46.17
7/29/2018,1,T1,2,6,603,6031,1.34,1.9,3.56,2.69,2.17,7.74,33.34,39.36
7/29/2018,1,T1,2,6,603,6032,1.4,1.99,3.6,2.81,2.33,7.77,32.81,39.06
7/29/2018,1,T5,0,6,604,6041,1.44,2.03,3.68,2.88,2.36,7.94,31.74,37.92
7/29/2018,1,T5,0,6,604,6042,1.39,1.95,3.46,2.69,2.35,7.23,28.26,34.4
7/29/2018,2,T8,4,6,605,6051,1.47,2.02,3.83,2.92,2.35,8.48,35.2,42.4
7/29/2018,2,T8,4,6,605,6052,1.42,1.97,3.66,2.86,2.31,8.35,36.05,43.64
7/29/2018,2,T7,3,6,606,6061,1.43,1.94,3.63,2.81,2.21,8.18,37.07,45.09
7/29/2018,2,T7,3,6,606,6062,1.42,1.9,3.57,2.68,2.2,8.31,39.69,48.11
7/29/2018,1,T4,5,6,607,6071,1.49,2.05,3.64,2.98,2.45,7.76,30.59,37
7/29/2018,1,T4,5,6,607,6072,1.61,2.17,3.72,3.04,2.64,7.7,29.39,35.85
7/29/2018,2,T9,5,6,608,6081,1.47,1.98,3.58,2.85,2.21,8.14,37.73,45.62
7/29/2018,2,T9,5,6,608,6082,1.59,2.16,3.89,3.05,2.37,8.99,40.5,48.6
7/29/2018,1,T2,3,6,609,6091,1.44,2.01,3.54,2.87,2.41,7.54,30.3,36.61
7/29/2018,1,T2,3,6,609,6092,1.44,2.04,3.66,2.94,2.46,7.88,31.39,37.38
7/29/2018,2,T10,0,6,610,6101,1.46,1.99,3.62,2.87,2.24,8.4,38.65,45.37
7/29/2018,2,T10,0,6,610,6102,1.59,2.14,3.84,2.94,2.35,8.54,39.85,46.98
8/3/2018,2,T8,4,1,101,1011,2.01,2.36,4.21,2.68,1.93,9.87,45.11,53.06
8/3/2018,2,T8,4,1,101,1012,1.97,2.3,4.17,2.58,1.89,9.52,44.7,52.17
8/3/2018,2,T6,2,1,102,1021,1.9,2.3,4.21,2.59,1.9,9.83,45.4,52.87
8/3/2018,2,T6,2,1,102,1022,1.91,2.26,4.12,2.54,1.83,9.17,45,52.84
8/3/2018,1,T4,5,1,103,1031,1.87,2.33,4.36,2.73,1.91,9.11,38.77,44.18
8/3/2018,1,T4,5,1,103,1032,1.77,2.21,4.18,2.58,1.79,8.8,38.56,43.99
8/3/2018,2,T7,3,1,104,1041,1.9,2.23,4.08,2.54,1.81,9.01,44.39,51.71
8/3/2018,2,T7,3,1,104,1042,1.83,2.19,4.1,2.54,1.74,9.1,42.87,49.83
8/3/2018,2,T9,5,1,105,1051,1.88,2.26,4.03,2.52,1.8,8.85,43.44,51.11
8/3/2018,2,T9,5,1,105,1052,1.92,2.27,4.1,2.55,1.83,9.06,44.2,52.38
8/3/2018,1,T2,3,1,106,1061,1.91,2.35,4.36,2.76,1.99,9.09,39.15,45.83
8/3/2018,1,T2,3,1,106,1062,1.89,2.34,4.34,2.75,1.95,9.01,38.87,45.37
8/3/2018,1,T5,0,1,107,1071,1.83,2.26,4.23,2.68,1.87,9.05,37.89,43.75
8/3/2018,1,T5,0,1,107,1072,1.94,2.37,4.38,2.81,1.99,9.12,38.62,44.24
8/3/2018,1,T3,4,1,108,1081,1.94,2.37,4.39,2.81,2,9.16,38.92,45
8/3/2018,1,T3,4,1,108,1082,1.99,2.43,4.45,2.93,2.11,9.11,37.41,42.66
8/3/2018,2,T10,0,1,109,1091,1.96,2.29,4.09,2.56,1.86,8.97,43.06,50.75
8/3/2018,2,T10,0,1,109,1092,1.99,2.33,4.19,2.61,1.9,9.09,42.75,50.13
8/3/2018,1,T1,2,1,110,1101,1.97,2.37,4.39,2.8,2.01,8.98,37.6,43.55
8/3/2018,1,T1,2,1,110,1102,2,2.44,4.46,2.91,2.11,9.17,37.97,43.95
8/3/2018,2,T9,5,2,201,2011,1.89,2.25,4.19,2.61,1.78,9.13,43.7,50.73
8/3/2018,2,T9,5,2,201,2012,1.82,2.13,3.93,2.45,1.73,8.95,45.13,52.88
8/3/2018,1,T2,3,2,202,2021,1.89,2.31,4.26,2.69,1.85,8.66,37.16,42.26
8/3/2018,1,T2,3,2,202,2022,1.97,2.42,4.46,2.82,2.01,9.24,40.52,46.51
8/3/2018,1,T1,2,2,203,2031,1.92,2.39,4.48,2.83,1.95,9.9,40.21,45.85
8/3/2018,1,T1,2,2,203,2032,1.83,2.28,4.25,2.71,1.87,8.8,36.93,41.82
8/3/2018,1,T5,0,2,204,2041,2,2.5,4.61,2.91,2.06,9.39,38.5,44.21
8/3/2018,1,T5,0,2,204,2042,1.89,2.34,4.38,2.75,1.91,9.24,39.72,45.94
8/3/2018,2,T8,4,2,205,2051,1.99,2.31,4.14,2.59,1.87,9.35,47.79,56.94
8/3/2018,2,T8,4,2,205,2052,1.92,2.28,4.12,2.54,1.82,9.21,46.43,55.32
8/3/2018,2,T6,2,2,206,2061,1.86,2.23,4.18,2.55,1.8,9.2,43.53,51.06
8/3/2018,2,T6,2,2,206,2062,1.92,2.32,4.25,2.64,1.86,9.26,43.64,51.18
8/3/2018,2,T7,3,2,207,2071,1.79,2.09,3.87,2.34,1.65,8.73,44.95,53.86
8/3/2018,2,T7,3,2,207,2072,1.99,2.35,4.27,2.66,1.89,9.53,46.57,54.94
8/3/2018,1,T4,5,2,208,2081,1.9,2.36,4.47,2.79,1.97,9.07,37,42.5
8/3/2018,1,T4,5,2,208,2082,2,2.5,4.64,2.94,2.11,9.59,39.03,45.13
8/3/2018,1,T3,4,2,209,2091,1.98,2.39,4.34,2.88,2.1,8.7,34.39,39.38
8/3/2018,1,T3,4,2,209,2092,1.92,2.36,4.34,2.76,2,8.71,35.5,40.26
8/3/2018,2,T10,0,2,210,2101,1.88,2.25,4.12,2.56,1.83,9.03,43.05,50.36
8/3/2018,2,T10,0,2,210,2102,1.95,2.32,4.11,2.58,1.88,8.95,42.69,49.51
8/3/2018,1,T5,0,3,301,3011,1.92,2.34,4.39,2.78,1.97,9.24,39.79,45.42
8/3/2018,1,T5,0,3,301,3012,1.87,2.26,4.23,2.67,1.88,8.85,38.3,43.79
8/3/2018,2,T6,2,3,302,3021,1.97,2.36,4.27,2.77,1.98,8.96,39.85,45.68
8/3/2018,2,T6,2,3,302,3022,1.96,2.25,4.17,2.61,1.83,8.96,42.14,48.67
8/3/2018,1,T3,4,3,303,3031,1.95,2.39,4.39,2.82,2.02,9.08,37.49,43.22
8/3/2018,1,T3,4,3,303,3032,1.93,2.39,4.47,2.82,2.01,9.18,39,45.06
8/3/2018,2,T8,4,3,304,3041,1.88,2.28,4.26,2.6,1.81,9.28,43.1,50.35
8/3/2018,2,T8,4,3,304,3042,1.86,2.21,4.07,2.54,1.79,8.69,40.66,47.43
8/3/2018,2,T9,5,3,305,3051,1.89,2.25,4.18,2.57,1.81,8.9,41.38,48.25
8/3/2018,2,T9,5,3,305,3052,1.94,2.33,4.26,2.66,1.86,9.24,42.61,49.77
8/3/2018,1,T4,5,3,306,3061,1.87,2.3,4.27,2.7,1.94,8.64,34.66,39.9
8/3/2018,1,T4,5,3,306,3062,1.91,2.43,4.53,2.86,2.01,9.41,38.77,44.54
8/3/2018,1,T1,2,3,307,3071,1.95,2.38,4.47,2.83,2.03,9.01,36.09,41.46
8/3/2018,1,T1,2,3,307,3072,1.99,2.45,4.51,2.83,2,9.17,37.85,43.72
8/3/2018,2,T10,0,3,308,3081,1.89,2.25,4.13,2.59,1.86,8.71,38.71,45.46
8/3/2018,2,T10,0,3,308,3082,1.88,2.24,4.15,2.58,1.82,8.94,40.2,46.95
8/3/2018,2,T7,3,3,309,3091,1.85,2.22,3.98,2.49,1.79,8.55,40.16,46.4
8/3/2018,2,T7,3,3,309,3092,1.84,2.2,3.97,2.48,1.78,8.67,40.69,47.13
8/3/2018,1,T2,3,3,310,3101,1.89,2.3,4.22,2.73,1.98,8.45,34.21,38.88
8/3/2018,1,T2,3,3,310,3102,1.99,2.41,4.33,2.87,2.15,8.43,33.1,37.45
8/3/2018,1,T3,4,4,401,4011,1.98,2.38,4.49,2.82,1.99,9.18,38.29,43.79
8/3/2018,1,T3,4,4,401,4012,1.99,2.48,4.54,2.84,2.1,9.04,37.64,42.93
8/3/2018,2,T6,2,4,402,4021,1.93,2.29,4.09,2.57,1.82,9.04,44.7,51.65
8/3/2018,2,T6,2,4,402,4022,1.91,2.28,4.14,2.54,1.79,8.91,42.93,49.53
8/3/2018,1,T5,0,4,403,4031,1.87,2.27,4.21,2.62,1.9,8.32,34.73,40.05
8/3/2018,1,T5,0,4,403,4032,1.92,2.38,4.4,2.86,2.06,8.84,36.22,41.97
8/3/2018,1,T2,3,4,404,4041,1.89,2.36,4.37,2.79,1.97,8.66,34.76,39.75
8/3/2018,1,T2,3,4,404,4042,1.89,2.34,4.3,2.74,1.94,8.63,35.53,40.98
8/3/2018,1,T1,2,4,405,4051,1.93,2.37,4.41,2.83,2.03,8.93,36.26,41.48
8/3/2018,1,T1,2,4,405,4052,1.92,2.38,4.42,2.87,2.09,8.93,35.72,40.86
8/3/2018,1,T4,5,4,406,4061,1.88,2.32,4.33,2.76,1.99,8.64,34.41,39.35
8/3/2018,1,T4,5,4,406,4062,1.95,2.43,4.52,2.94,2.12,9.06,35.81,40.92
8/3/2018,2,T10,0,4,407,4071,1.85,2.17,4.02,2.5,1.75,8.82,41.32,48.25
8/3/2018,2,T10,0,4,407,4072,1.9,2.26,4.14,2.58,1.82,8.9,40.48,46.98
8/3/2018,2,T8,4,4,408,4081,1.85,2.22,4.08,2.57,1.8,8.96,40.45,46.77
8/3/2018,2,T8,4,4,408,4082,1.88,2.24,4.18,2.57,1.83,9.22,43.34,50.73
8/3/2018,2,T7,3,4,409,4091,1.88,2.21,3.99,2.52,1.82,8.61,40.58,47.3
8/3/2018,2,T7,3,4,409,4092,1.91,2.28,4.17,2.61,1.85,8.89,40.53,46.82
8/3/2018,2,T9,5,4,410,4101,1.93,2.32,4.3,2.67,1.89,8.96,39.64,45.69
8/3/2018,2,T9,5,4,410,4102,1.88,2.26,4.2,2.61,1.85,8.88,39.9,45.97
8/3/2018,2,T10,0,5,501,5011,1.88,2.28,4.19,2.58,1.85,9.07,42.86,49.09
8/3/2018,2,T10,0,5,501,5012,1.85,2.23,4.12,2.54,1.81,8.88,42.2,48.63
8/3/2018,1,T2,3,5,502,5021,1.86,2.33,4.3,2.71,1.89,8.84,37.51,42.7
8/3/2018,1,T2,3,5,502,5022,1.94,2.38,4.38,2.82,2,8.87,36.15,40.96
8/3/2018,1,T5,0,5,503,5031,1.96,2.42,4.46,2.87,2.03,9.11,37.27,42.83
8/3/2018,1,T5,0,5,503,5032,1.89,2.31,4.29,2.76,1.95,8.83,36.85,42.76
8/3/2018,2,T8,4,5,504,5041,1.79,2.15,3.98,2.43,1.7,8.7,42.51,50.25
8/3/2018,2,T8,4,5,504,5042,1.86,2.22,4.06,2.51,1.76,8.89,42.61,49.9
8/3/2018,2,T7,3,5,505,5051,1.93,2.31,4.27,2.65,1.88,9.16,42.27,49.34
8/3/2018,2,T7,3,5,505,5052,1.96,2.36,4.44,2.72,1.91,9.58,43.44,50.79
8/3/2018,2,T9,5,5,506,5061,1.83,2.21,4.11,2.53,1.76,9.08,43.51,50.89
8/3/2018,2,T9,5,5,506,5062,1.75,2.11,3.95,2.44,1.68,8.65,41.06,48.06
8/3/2018,2,T6,2,5,507,5071,2.14,2.55,4.61,2.83,2.09,9.85,43.93,51.17
8/3/2018,2,T6,2,5,507,5081,1.87,2.32,4.25,2.76,2,8.42,33.24,37.86
8/3/2018,1,T4,5,5,508,5082,1.96,2.34,4.25,2.63,1.87,9.21,42.48,49.65
8/3/2018,1,T4,5,5,508,5082,1.91,2.37,4.34,2.83,2.04,8.67,34.32,39.51
8/3/2018,1,T3,4,5,509,5091,1.95,2.38,4.34,2.89,2.12,8.54,32.49,36.71
8/3/2018,1,T3,4,5,509,5092,1.96,2.4,4.37,2.87,2.12,8.4,32.03,36.17
8/3/2018,1,T1,2,5,510,5101,1.91,2.35,4.34,2.77,1.98,8.6,33.99,38.38
8/3/2018,1,T1,2,5,510,5102,2,2.47,4.55,2.9,2.07,9.06,37.01,42.25
8/3/2018,1,T3,4,6,601,6011,1.86,2.34,4.43,2.84,1.98,8.69,34.19,38.54
8/3/2018,1,T3,4,6,601,6012,1.88,2.35,4.44,2.84,2.04,8.65,34.55,39.39
8/3/2018,2,T6,2,6,602,6021,1.87,2.26,4.24,2.59,1.78,9.02,42.29,48.67
8/3/2018,2,T6,2,6,602,6022,1.84,2.17,4.11,2.47,1.73,8.8,42.29,48.88
8/3/2018,1,T1,2,6,603,6031,2.01,2.46,4.48,2.86,2.04,9,37.28,43.03
8/3/2018,1,T1,2,6,603,6032,2.22,2.73,4.92,3.17,2.32,9.49,37.14,42.42
8/3/2018,1,T5,0,6,604,6041,1.93,2.39,4.41,2.87,2.04,8.85,35.6,41.1
8/3/2018,1,T5,0,6,604,6042,1.89,2.32,4.24,2.78,2.03,8.36,33.05,37.89
8/3/2018,2,T8,4,6,605,6051,1.9,2.33,4.4,2.73,1.89,9.26,40.74,46.86
8/3/2018,2,T8,4,6,605,6052,1.88,2.29,4.29,2.67,1.87,9.04,40.22,46.41
8/3/2018,2,T7,3,6,606,6061,1.84,2.21,4.11,2.54,1.79,9.03,43.28,50.78
8/3/2018,2,T7,3,6,606,6062,1.77,2.11,3.94,2.4,1.64,8.73,42.78,50.44
8/3/2018,1,T4,5,6,607,6071,1.93,2.34,4.29,2.81,2.05,8.65,34.49,39.59
8/3/2018,1,T4,5,6,607,6072,1.88,2.34,4.28,2.78,1.99,8.5,33.47,38.27
8/3/2018,2,T9,5,6,608,6081,1.88,2.26,4.15,2.61,1.83,9.07,42.94,50.55
8/3/2018,2,T9,5,6,608,6082,1.87,2.2,4.13,2.5,1.76,9.24,44.21,51.95
8/3/2018,1,T2,3,6,609,6091,1.92,2.36,4.34,2.75,1.98,8.63,35.04,39.68
8/3/2018,1,T2,3,6,609,6092,1.91,2.37,4.39,2.78,1.99,8.75,35.13,39.93
8/3/2018,2,T10,0,6,610,6101,1.87,2.22,4.05,2.5,1.78,8.74,40.79,47.33
8/3/2018,2,T10,0,6,610,6102,1.86,2.21,4.02,2.45,1.77,8.67,42.07,49.1
8/11/2018,2,T8,4,1,101,1011,2.47,2.92,5.02,3.34,2.46,11.1,48.82,54.87
8/11/2018,2,T8,4,1,101,1012,2.37,2.77,4.82,3.15,2.3,10.91,48.49,54.5
8/11/2018,2,T6,2,1,102,1021,2.31,2.77,4.91,3.17,2.27,10.91,47.55,53.41
8/11/2018,2,T6,2,1,102,1022,2.31,2.73,4.84,3.14,2.26,10.87,48.19,54.3
8/11/2018,1,T4,5,1,103,1031,2.42,3.01,5.46,3.47,2.51,11.29,43.64,48.54
8/11/2018,1,T4,5,1,103,1032,2.37,2.95,5.44,3.5,2.47,11.4,44.21,48.95
8/11/2018,2,T7,3,1,104,1041,2.29,2.72,4.78,3.1,2.27,10.89,49.09,55.84
8/11/2018,2,T7,3,1,104,1042,2.35,2.76,4.88,3.15,2.32,10.92,47.27,53.61
8/11/2018,2,T9,5,1,105,1051,2.3,2.73,4.77,3.09,2.3,10.74,47.97,54.43
8/11/2018,2,T9,5,1,105,1052,2.36,2.77,4.85,3.18,2.31,11.1,49.32,55.83
8/11/2018,1,T2,3,1,106,1061,2.32,2.87,5.29,3.42,2.44,11.16,43.99,48.8
8/11/2018,1,T2,3,1,106,1062,2.35,2.94,5.39,3.47,2.48,11.37,44.61,49.46
8/11/2018,1,T5,0,1,107,1071,2.35,2.9,5.28,3.36,2.51,12.1,43.06,47.68
8/11/2018,1,T5,0,1,107,1072,2.43,3.02,5.52,3.52,2.63,12.33,43.15,47.44
8/11/2018,1,T3,4,1,108,1081,2.44,3.01,5.57,3.55,2.65,12.63,43.97,48.54
8/11/2018,1,T3,4,1,108,1082,2.46,3.04,5.52,3.56,2.69,12.17,41.31,45.43
8/11/2018,2,T10,0,1,109,1091,2.31,2.73,4.73,3.01,2.39,11.43,46.92,53.42
8/11/2018,2,T10,0,1,109,1092,2.41,2.87,4.92,3.19,2.53,11.82,46.33,52.19
8/11/2018,1,T1,2,1,110,1101,2.41,3,5.44,3.49,2.66,12.14,42.29,46.9
8/11/2018,1,T1,2,1,110,1102,2.47,3.04,5.52,3.56,2.69,12.47,43.62,48.44
8/11/2018,2,T9,5,2,201,2011,2.37,2.79,4.97,3.24,2.32,11.07,48.45,54.64
8/11/2018,2,T9,5,2,201,2012,2.25,2.63,4.67,3.02,2.18,10.71,48.39,54.92
8/11/2018,1,T2,3,2,202,2021,2.34,2.9,5.42,3.45,2.39,11.39,44.04,48.88
8/11/2018,1,T2,3,2,202,2022,2.42,2.98,5.56,3.54,2.46,11.57,45.3,49.91
8/11/2018,1,T1,2,2,203,2031,2.27,2.83,5.26,3.34,2.32,11.23,44.35,49.34
8/11/2018,1,T1,2,2,203,2032,2.31,2.9,5.39,3.48,2.47,11.11,42.38,46.8
8/11/2018,1,T5,0,2,204,2041,2.33,2.91,5.43,3.47,2.48,11.02,41.7,46.02
8/11/2018,1,T5,0,2,204,2042,2.33,2.88,5.34,3.42,2.39,11.27,43.67,48.55
8/11/2018,2,T8,4,2,205,2051,2.42,2.8,4.82,3.19,2.37,11.01,50.3,57.21
8/11/2018,2,T8,4,2,205,2052,2.32,2.77,4.79,3.12,2.41,11.83,47.86,54.33
8/11/2018,2,T6,2,2,206,2061,2.32,2.81,4.99,3.2,2.45,12.05,47.01,52.78
8/11/2018,2,T6,2,2,206,2062,2.31,2.77,4.95,3.15,2.42,11.85,46.8,52.65
8/11/2018,2,T7,3,2,207,2071,2.35,2.77,4.82,3.09,2.41,11.78,48.59,55.17
8/11/2018,2,T7,3,2,207,2072,2.37,2.81,4.9,3.18,2.47,11.87,47.09,52.93
8/11/2018,1,T4,5,2,208,2081,2.47,3.05,5.58,3.58,2.68,12.55,43.24,47.49
8/11/2018,1,T4,5,2,208,2082,2.51,3.11,5.66,3.6,2.7,12.74,44.35,48.61
8/11/2018,1,T3,4,2,209,2091,2.44,2.96,5.3,3.45,2.7,11.62,39.93,43.86
8/11/2018,1,T3,4,2,209,2092,2.43,3.01,5.44,3.47,2.62,12.3,42.99,47.46
8/11/2018,2,T10,0,2,210,2101,2.45,2.9,4.98,3.26,2.6,12.07,48,54.2
8/11/2018,2,T10,0,2,210,2102,2.46,2.91,4.93,3.24,2.58,12.05,48.82,55.47
8/11/2018,1,T5,0,3,301,3011,2.36,2.9,5.38,3.45,2.38,11.27,43.66,48.3
8/11/2018,1,T5,0,3,301,3012,2.39,2.96,5.45,3.49,2.45,11.41,44.32,49.22
8/11/2018,2,T6,2,3,302,3021,2.31,2.74,4.95,3.18,2.3,10.79,45.07,50.57
8/11/2018,2,T6,2,3,302,3022,2.25,2.69,4.84,3.14,2.21,10.67,44.43,49.73
8/11/2018,1,T3,4,3,303,3031,2.44,3.03,5.44,3.59,2.56,11.25,41.97,46.48
8/11/2018,1,T3,4,3,303,3032,2.38,2.99,5.43,3.54,2.51,11.42,43.19,47.8
8/11/2018,2,T8,4,3,304,3041,2.26,2.72,4.91,3.14,2.27,10.92,46.07,51.67
8/11/2018,2,T8,4,3,304,3042,2.24,2.67,4.79,3.08,2.24,10.75,45.9,51.72
8/11/2018,2,T9,5,3,305,3051,2.33,2.8,4.96,3.19,2.46,11.92,45.86,51.44
8/11/2018,2,T9,5,3,305,3052,2.32,2.83,4.95,3.21,2.46,12,45.92,51.34
8/11/2018,1,T4,5,3,306,3061,2.49,3.09,5.66,3.64,2.76,12.62,43.02,47.44
8/11/2018,1,T4,5,3,306,3062,2.4,3.04,5.52,3.54,2.62,12.33,42.15,46.19
8/11/2018,1,T1,2,3,307,3071,2.41,2.97,5.35,3.49,2.64,11.65,39.29,43.04
8/11/2018,1,T1,2,3,307,3072,2.48,3.07,5.55,3.55,2.67,12.68,45.26,50
8/11/2018,2,T10,0,3,308,3081,2.29,2.77,4.95,3.24,2.49,11.67,43.94,49.06
8/11/2018,2,T10,0,3,308,3082,2.32,2.8,4.98,3.18,2.46,11.85,44.4,49.71
8/11/2018,2,T7,3,3,309,3091,2.44,2.9,4.94,3.23,2.59,11.76,46.44,52.05
8/11/2018,2,T7,3,3,309,3092,2.39,2.8,4.8,3.12,2.44,11.6,45.9,51.98
8/11/2018,1,T2,3,3,310,3101,2.43,3,5.39,3.55,2.7,11.99,40.53,44.89
8/11/2018,1,T2,3,3,310,3102,2.56,3.17,5.7,3.76,2.94,12.37,40.68,44.88
8/11/2018,1,T3,4,4,401,4011,2.33,2.85,5.27,3.39,2.38,10.87,42.28,46.94
8/11/2018,1,T3,4,4,401,4012,2.36,2.93,5.36,3.49,2.46,11.05,43.15,47.55
8/11/2018,2,T6,2,4,402,4021,2.25,2.69,4.77,3.14,2.23,10.8,48.26,54.33
8/11/2018,2,T6,2,4,402,4022,2.25,2.68,4.82,3.1,2.21,10.68,46.52,52.38
8/11/2018,1,T5,0,4,403,4031,2.41,2.96,5.39,3.49,2.53,11.07,42.65,47.21
8/11/2018,1,T5,0,4,403,4032,2.34,2.84,5.19,3.4,2.47,10.62,40.95,45.49
8/11/2018,1,T2,3,4,404,4041,2.37,2.98,5.51,3.54,2.53,11.38,42.65,47.06
8/11/2018,1,T2,3,4,404,4042,2.24,2.8,5.22,3.4,2.42,10.84,41.08,45.51
8/11/2018,1,T1,2,4,405,4051,2.48,3.04,5.6,3.65,2.67,12.46,42.29,46.55
8/11/2018,1,T1,2,4,405,4052,2.51,3.1,5.62,3.68,2.77,12.41,42,46.19
8/11/2018,1,T4,5,4,406,4061,2.37,2.95,5.43,3.5,2.62,11.73,39.8,43.75
8/11/2018,1,T4,5,4,406,4062,2.46,3.08,5.69,3.68,2.73,12.83,43.64,47.99
8/11/2018,2,T10,0,4,407,4071,2.26,2.71,4.8,3.09,2.36,11.51,44.7,50.51
8/11/2018,2,T10,0,4,407,4072,2.27,2.74,4.91,3.16,2.42,11.66,43.6,48.9
8/11/2018,2,T8,4,4,408,4081,2.31,2.76,4.9,3.11,2.45,11.49,43.55,48.87
8/11/2018,2,T8,4,4,408,4082,2.33,2.81,4.96,3.2,2.45,12.06,47.33,53.18
8/11/2018,2,T7,3,4,409,4091,2.32,2.76,4.83,3.13,2.45,11.61,45.34,51.43
8/11/2018,2,T7,3,4,409,4092,2.29,2.77,4.88,3.12,2.44,11.47,43.69,49.3
8/11/2018,2,T9,5,4,410,4101,2.39,2.88,5.04,3.21,2.52,12.02,47.01,52.92
8/11/2018,2,T9,5,4,410,4102,2.31,2.78,4.87,3.1,2.41,11.68,46.25,52.21
8/11/2018,2,T10,0,5,501,5011,2.21,2.67,4.9,3.17,2.25,10.84,45.52,50.84
8/11/2018,2,T10,0,5,501,5012,2.28,2.71,4.86,3.15,2.23,10.78,46.27,51.81
8/11/2018,1,T2,3,5,502,5021,2.37,2.97,5.46,3.51,2.43,11.34,43.58,48.19
8/11/2018,1,T2,3,5,502,5022,2.39,2.94,5.41,3.47,2.46,10.98,42.13,46.15
8/11/2018,1,T5,0,5,503,5031,2.36,2.98,5.48,3.55,2.53,11.32,42.53,47.24
8/11/2018,1,T5,0,5,503,5032,2.27,2.82,5.25,3.42,2.45,10.99,41.71,46.22
8/11/2018,2,T8,4,5,504,5041,2.11,2.53,4.63,2.95,2.12,10.48,45.16,51.06
8/11/2018,2,T8,4,5,504,5042,2.27,2.69,4.78,3.09,2.28,10.78,47.32,53.53
8/11/2018,2,T7,3,5,505,5051,2.34,2.81,4.97,3.22,2.47,11.9,45.8,51.54
8/11/2018,2,T7,3,5,505,5052,2.19,2.66,4.86,3.05,2.29,11.69,44.71,49.99
8/11/2018,2,T9,5,5,506,5061,2.23,2.68,4.78,3.05,2.33,11.76,46.15,52
8/11/2018,2,T9,5,5,506,5062,2.15,2.63,4.74,3.02,2.3,11.56,44.24,49.86
8/11/2018,2,T6,2,5,507,5071,2.32,2.76,4.88,3.11,2.42,11.88,46.88,52.82
8/11/2018,2,T6,2,5,507,5072,2.22,2.67,4.86,3.03,2.34,11.71,45.9,51.56
8/11/2018,1,T4,5,5,508,5081,2.36,2.96,5.35,3.53,2.73,11.67,38.59,42.54
8/11/2018,1,T4,5,5,508,5082,2.33,2.93,5.36,3.44,2.63,12.02,40.8,44.97
8/11/2018,1,T3,4,5,509,5091,2.49,3.06,5.44,3.71,2.91,11.81,39.2,43.25
8/11/2018,1,T3,4,5,509,5092,2.42,3.03,5.46,3.59,2.77,11.69,39.16,43.01
8/11/2018,1,T1,2,5,510,5101,2.46,3.07,5.56,3.65,2.75,12.23,41.56,46.04
8/11/2018,1,T1,2,5,510,5102,2.39,2.96,5.41,3.45,2.61,12.06,42.45,46.98
8/11/2018,1,T3,4,6,601,6011,2.32,2.96,5.4,3.54,2.45,10.92,40.3,44.38
8/11/2018,1,T3,4,6,601,6012,2.31,2.82,5.28,3.32,2.36,10.63,40.46,44.75
8/11/2018,2,T6,2,6,602,6021,2.21,2.62,4.78,3.11,2.16,10.58,45.22,50.87
8/11/2018,2,T6,2,6,602,6022,2.3,2.7,4.8,3.1,2.18,10.83,47.64,53.71
8/11/2018,1,T1,2,6,603,6031,2.41,2.97,5.41,3.55,2.51,11.22,42.84,47.34
8/11/2018,1,T1,2,6,603,6032,2.41,2.97,5.46,3.54,2.54,11.21,42.76,47.45
8/11/2018,1,T5,0,6,604,6041,2.42,3,5.38,3.61,2.66,11.06,41.11,45.72
8/11/2018,1,T5,0,6,604,6042,2.37,2.91,5.2,3.56,2.65,10.45,38.05,41.84
8/11/2018,2,T8,4,6,605,6051,2.31,2.79,5.05,3.22,2.45,11.88,43.74,48.81
8/11/2018,2,T8,4,6,605,6052,2.21,2.71,4.91,3.13,2.43,11.65,43.91,49.26
8/11/2018,2,T7,3,6,606,6061,2.21,2.64,4.8,3.05,2.35,11.49,43.86,49.28
8/11/2018,2,T7,3,6,606,6062,2.2,2.64,4.75,2.99,2.32,11.67,45.83,51.63
8/11/2018,1,T4,5,6,607,6071,2.44,2.98,5.38,3.55,2.69,11.86,39.97,44.23
8/11/2018,1,T4,5,6,607,6072,2.4,2.99,5.39,3.57,2.73,11.75,39.18,43.25
8/11/2018,2,T9,5,6,608,6081,2.24,2.69,4.78,3.05,2.39,11.5,44.75,50.36
8/11/2018,2,T9,5,6,608,6082,2.22,2.68,4.76,3.01,2.35,11.68,46.22,52.24
8/11/2018,1,T2,3,6,609,6091,2.41,3.01,5.48,3.6,2.74,12,41.1,45.25
8/11/2018,1,T2,3,6,609,6092,2.33,2.93,5.36,3.45,2.65,11.86,41.41,45.58
8/11/2018,2,T10,0,6,610,6101,2.24,2.67,4.72,3.04,2.37,11.42,45.69,51.59
8/11/2018,2,T10,0,6,610,6102,2.19,2.62,4.59,2.93,2.31,11.22,46.87,53.24
 8/18/2018,2,T8,4,1,101,1011,2.47,2.91,5.06,3.33,2.53,10.6,43.26,49.01
 8/18/2018,2,T8,4,1,101,1012,2.41,2.86,4.95,3.19,2.45,10.35,43.14,49.03
 8/18/2018,2,T6,2,1,102,1021,2.35,2.84,5.04,3.29,2.45,10.59,41.45,46.59
 8/18/2018,2,T6,2,1,102,1022,2.32,2.79,4.95,3.17,2.4,10.25,41.57,47.17
 8/18/2018,1,T4,5,1,103,1031,2.42,2.89,5.22,3.44,2.52,10.39,38.44,42.84
 8/18/2018,1,T4,5,1,103,1032,2.38,2.89,5.28,3.41,2.49,10.43,37.52,41.7
 8/18/2018,2,T7,3,1,104,1041,2.32,2.72,4.72,3.03,2.3,10.07,42.83,48.86
 8/18/2018,2,T7,3,1,104,1042,2.38,2.86,5.11,3.26,2.39,10.57,40.88,46.38
 8/18/2018,2,T9,5,1,105,1051,2.4,2.82,4.88,3.13,2.47,10.08,41.61,46.96
 8/18/2018,2,T9,5,1,105,1052,2.43,2.83,4.8,3.1,2.46,10.08,42.92,48.83
 8/18/2018,1,T2,3,1,106,1061,2.42,3.01,5.48,3.58,2.66,10.82,39.08,43.56
 8/18/2018,1,T2,3,1,106,1062,2.5,3.1,5.62,3.72,2.76,11.08,39.93,44.46
 8/18/2018,1,T5,0,1,107,1071,2.3,2.84,5.14,3.33,2.46,11.17,37.44,41.79
 8/18/2018,1,T5,0,1,107,1072,2.37,3,5.4,3.55,2.67,11.4,36.36,40.12
 8/18/2018,1,T3,4,1,108,1081,2.33,2.97,5.51,3.63,2.67,11.44,35.82,39.48
 8/18/2018,1,T3,4,1,108,1082,2.57,3.18,5.77,3.87,2.87,11.18,36.89,40.4
 8/18/2018,2,T10,0,1,109,1091,2.35,2.78,4.76,3.03,2.47,9.92,41.41,46.96
 8/18/2018,2,T10,0,1,109,1092,2.41,2.94,5.16,3.51,2.68,10.5,39.85,45.05
 8/18/2018,1,T1,2,1,110,1101,2.46,3.09,5.6,3.71,2.88,10.64,36.57,40.58
 8/18/2018,1,T1,2,1,110,1102,2.56,3.15,5.64,3.78,2.84,10.98,38.74,42.68
 8/18/2018,2,T9,5,2,201,2011,2.32,2.82,4.97,3.23,2.42,10.47,42.23,47.59
 8/18/2018,2,T9,5,2,201,2012,2.35,2.82,4.99,3.22,2.38,10.69,43.85,49.88
 8/18/2018,1,T2,3,2,202,2021,2.35,2.94,5.44,3.45,2.52,10.41,36.7,40.6
 8/18/2018,1,T2,3,2,202,2022,2.45,3.09,5.71,3.73,2.74,11.11,38.81,42.96
 8/18/2018,1,T1,2,2,203,2031,2.37,2.91,5.35,3.46,2.56,11.21,38.05,42.06
 8/18/2018,1,T1,2,2,203,2032,2.43,3.03,5.59,3.67,2.71,10.76,36.92,40.66
 8/18/2018,1,T5,0,2,204,2041,2.4,3.05,5.73,3.8,2.76,10.88,35.9,39.66
 8/18/2018,1,T5,0,2,204,2042,2.48,3.03,5.51,3.69,2.77,10.62,36.32,40.22
 8/18/2018,2,T8,4,2,205,2051,2.39,2.82,4.87,3.22,2.45,10.54,44.79,51.06
 8/18/2018,2,T8,4,2,205,2052,2.38,2.83,5,3.28,2.47,10.68,43.36,49.37
 8/18/2018,2,T6,2,2,206,2061,2.3,2.78,4.96,3.2,2.43,10.22,40.47,45.72
 8/18/2018,2,T6,2,2,206,2062,2.35,2.85,5.07,3.35,2.49,10.37,39.64,44.73
 8/18/2018,2,T7,3,2,207,2071,2.34,2.8,4.9,3.14,2.47,10.4,42.5,48.15
 8/18/2018,2,T7,3,2,207,2072,2.37,2.87,5.08,3.28,2.55,10.48,40.04,45.08
 8/18/2018,1,T4,5,2,208,2081,2.4,3.01,5.47,3.61,2.7,10.49,36.16,39.91
 8/18/2018,1,T4,5,2,208,2082,2.53,3.1,5.57,3.69,2.8,10.78,37.13,40.95
 8/18/2018,1,T3,4,2,209,2091,2.38,2.91,5.16,3.45,2.68,9.89,34.72,38.35
 8/18/2018,1,T3,4,2,209,2092,2.39,2.92,5.21,3.4,2.67,10.11,36.68,40.73
 8/18/2018,2,T10,0,2,210,2101,2.36,2.79,4.79,3.15,2.48,10.06,42.46,48.07
 8/18/2018,2,T10,0,2,210,2102,2.44,2.82,4.74,3.12,2.48,9.89,42.9,48.69
 8/18/2018,1,T5,0,3,301,3011,2.37,3,5.55,3.62,2.64,10.65,36.47,40.05
 8/18/2018,1,T5,0,3,301,3012,2.38,2.94,5.46,3.54,2.61,10.62,37.34,41.52
 8/18/2018,2,T6,2,3,302,3021,2.4,2.93,5.2,3.46,2.61,10.56,38.77,43.52
 8/18/2018,2,T6,2,3,302,3022,2.37,2.89,5.29,3.57,2.63,10.68,38.48,42.76
 8/18/2018,1,T3,4,3,303,3031,2.52,3.14,5.6,3.72,2.83,10.64,36.27,40.22
 8/18/2018,1,T3,4,3,303,3032,2.45,3.09,5.59,3.74,2.72,10.67,36.42,40.21
 8/18/2018,2,T8,4,3,304,3041,2.28,2.76,4.96,3.21,2.43,10.18,39.37,44.25
 8/18/2018,2,T8,4,3,304,3042,2.29,2.74,4.78,3.08,2.39,9.87,39.64,44.58
 8/18/2018,2,T9,5,3,305,3051,2.33,2.8,4.94,3.21,2.39,10.16,39.8,45
 8/18/2018,2,T9,5,3,305,3052,2.33,2.83,5.07,3.35,2.48,10.39,39.66,44.53
 8/18/2018,1,T4,5,3,306,3061,2.46,3.05,5.55,3.65,2.68,10.63,36.51,40.45
 8/18/2018,1,T4,5,3,306,3062,2.46,3.07,5.66,3.7,2.68,10.91,37.26,41.15
 8/18/2018,1,T1,2,3,307,3071,2.38,2.94,5.31,3.51,2.65,10.03,33.97,37.48
 8/18/2018,1,T1,2,3,307,3072,2.48,3.04,5.44,3.57,2.7,10.73,38.97,43.71
 8/18/2018,2,T10,0,3,308,3081,2.32,2.85,5.13,3.43,2.64,10.29,36.93,41.75
 8/18/2018,2,T10,0,3,308,3082,2.32,2.8,5.03,3.28,2.5,10.14,37.72,42.43
 8/18/2018,2,T7,3,3,309,3091,2.41,2.8,4.73,3.08,2.5,9.72,41.42,46.8
 8/18/2018,2,T7,3,3,309,3092,2.39,2.8,4.76,3.11,2.53,9.87,40.91,46.32
 8/18/2018,1,T2,3,3,310,3101,2.44,3.03,5.46,3.65,2.8,10.27,34.54,38.09
 8/18/2018,1,T2,3,3,310,3102,2.52,3.1,5.57,3.71,2.9,10.46,35.09,38.64
 8/18/2018,1,T3,4,4,401,4011,2.33,2.92,5.39,3.49,2.54,10.51,37.4,41.65
 8/18/2018,1,T3,4,4,401,4012,2.44,3.01,5.32,3.5,2.65,10.24,36.99,41.06
 8/18/2018,2,T6,2,4,402,4021,2.42,2.88,5.08,3.38,2.49,10.6,42.26,47.72
 8/18/2018,2,T6,2,4,402,4022,2.27,2.78,5.03,3.29,2.42,10.42,40.78,46.05
 8/18/2018,1,T5,0,4,403,4031,2.42,2.97,5.28,3.46,2.58,10.1,36.17,40.1
 8/18/2018,1,T5,0,4,403,4032,2.37,2.92,5.17,3.4,2.6,9.93,35.59,39.34
 8/18/2018,1,T2,3,4,404,4041,2.36,2.97,5.51,3.57,2.71,10.44,35.29,38.84
 8/18/2018,1,T2,3,4,404,4042,2.46,3.1,5.67,3.77,2.76,10.99,37.2,40.85
 8/18/2018,1,T1,2,4,405,4051,2.44,3.07,5.63,3.81,2.72,10.82,35.87,39.86
 8/18/2018,1,T1,2,4,405,4052,2.45,3.09,5.66,3.75,2.69,10.74,36.04,39.91
 8/18/2018,1,T4,5,4,406,4061,2.37,2.96,5.48,3.59,2.66,10.35,34.89,38.69
 8/18/2018,1,T4,5,4,406,4062,2.44,3.07,5.63,3.74,2.72,10.82,36.2,40.15
 8/18/2018,2,T10,0,4,407,4071,2.32,2.83,5.05,3.31,2.6,10.2,38.32,43.2
 8/18/2018,2,T10,0,4,407,4072,2.37,2.92,5.26,3.55,2.68,10.51,36.91,41.6
 8/18/2018,2,T8,4,4,408,4081,2.38,2.87,5.09,3.26,2.54,10.22,39.2,43.95
 8/18/2018,2,T8,4,4,408,4082,2.37,2.83,5.01,3.23,2.55,10.11,39.12,44.03
 8/18/2018,2,T7,3,4,409,4091,2.32,2.8,4.93,3.22,2.54,10.18,39.43,44.2
 8/18/2018,2,T7,3,4,409,4092,2.4,2.92,5.18,3.41,2.68,10.44,38.86,43.53
 8/18/2018,2,T9,5,4,410,4101,2.37,2.8,4.87,3.14,2.55,9.98,41.16,46.36
 8/18/2018,2,T9,5,4,410,4102,2.3,2.72,4.7,3.03,2.45,9.85,40.66,45.65
 8/18/2018,2,T10,0,5,501,5011,2.33,2.94,5.44,3.65,2.66,10.95,38.08,42.1
 8/18/2018,2,T10,0,5,501,5012,2.35,2.9,5.24,3.48,2.55,10.77,40.13,45.01
 8/18/2018,1,T2,3,5,502,5021,2.44,3.09,5.69,3.72,2.75,11.01,38.21,42.13
 8/18/2018,1,T2,3,5,502,5022,2.37,2.92,5.29,3.49,2.53,10.09,34.71,38.08
 8/18/2018,1,T5,0,5,503,5031,2.46,3.1,5.74,3.87,2.86,10.82,34.99,38.5
 8/18/2018,1,T5,0,5,503,5032,2.41,3.08,5.7,3.87,2.88,10.82,35.01,38.62
 8/18/2018,2,T8,4,5,504,5041,2.31,2.81,5.09,3.34,2.66,10.35,38.14,42.82
 8/18/2018,2,T8,4,5,504,5042,2.29,2.79,4.86,3.18,2.5,9.94,39.95,45.3
 8/18/2018,2,T7,3,5,505,5051,2.37,2.84,5.02,3.29,2.49,10.39,40.1,45.47
 8/18/2018,2,T7,3,5,505,5052,2.38,2.96,5.45,3.7,2.74,10.87,37.31,41.89
 8/18/2018,2,T9,5,5,506,5061,2.36,2.9,5.09,3.45,2.65,10.53,38.43,43.51
 8/18/2018,2,T9,5,5,506,5062,2.28,2.8,5.09,3.46,2.66,10.03,34.99,39.21
 8/18/2018,2,T6,2,5,507,5071,2.31,2.75,4.76,3.08,2.48,9.77,39.42,44.65
 8/18/2018,2,T6,2,5,507,5072,2.36,2.82,4.97,3.31,2.55,9.95,37.03,41.11
 8/18/2018,1,T4,5,5,508,5081,2.4,2.99,5.43,3.72,2.87,9.93,31.56,34.71
 8/18/2018,1,T4,5,5,508,5082,2.47,3.08,5.63,3.86,2.87,10.52,32.72,36.04
 8/18/2018,1,T3,4,5,509,5091,2.4,2.95,5.22,3.52,2.84,9.72,32.87,36.18
 8/18/2018,1,T3,4,5,509,5092,2.47,3.04,5.46,3.65,2.8,10.18,34.18,37.42
 8/18/2018,1,T1,2,5,510,5101,2.45,3.07,5.58,3.73,2.83,10.57,35.19,38.71
 8/18/2018,1,T1,2,5,510,5102,2.46,3.06,5.55,3.73,2.78,10.73,36.81,40.51
 8/18/2018,1,T3,4,6,601,6011,2.38,3.03,5.52,3.67,2.69,10.36,34.55,37.84
 8/18/2018,1,T3,4,6,601,6012,2.42,3.01,5.47,3.68,2.75,10.23,35.25,39.11
 8/18/2018,2,T6,2,6,602,6021,2.2,2.78,4.97,3.24,2.44,10.03,38.52,43.02
 8/18/2018,2,T6,2,6,602,6022,2.34,2.81,4.86,3.21,2.39,10.23,41.32,46.89
 8/18/2018,1,T1,2,6,603,6031,2.43,3.01,5.46,3.61,2.78,10.54,37.01,40.96
 8/18/2018,1,T1,2,6,603,6032,2.51,3.1,5.52,3.66,2.84,10.54,37.37,41.72
 8/18/2018,1,T5,0,6,604,6041,2.43,3.03,5.36,3.61,2.8,10.18,34.89,38.74
 8/18/2018,1,T5,0,6,604,6042,2.38,2.97,5.27,3.55,2.75,9.86,32.69,36.05
 8/18/2018,2,T8,4,6,605,6051,2.32,2.87,5.26,3.49,2.58,10.22,35.59,39.85
 8/18/2018,2,T8,4,6,605,6052,2.28,2.78,4.98,3.29,2.43,10.07,37.7,42.89
 8/18/2018,2,T7,3,6,606,6061,2.29,2.81,5.07,3.39,2.53,10.14,35.87,40.43
 8/18/2018,2,T7,3,6,606,6062,2.32,2.76,4.87,3.13,2.48,10.69,38.95,43.62
 8/18/2018,1,T4,5,6,607,6071,2.44,3.04,5.48,3.8,2.91,10.2,31.9,35.19
 8/18/2018,1,T4,5,6,607,6072,2.42,2.97,5.35,3.67,2.83,9.86,31.53,34.73
 8/18/2018,2,T9,5,6,608,6081,2.37,2.87,5.03,3.38,2.66,10.19,36.71,41.07
 8/18/2018,2,T9,5,6,608,6082,2.22,2.7,4.77,3.14,2.43,9.97,38.4,43.5
 8/18/2018,1,T2,3,6,609,6091,2.48,3.1,5.69,3.83,2.91,10.75,35.37,38.8
 8/18/2018,1,T2,3,6,609,6092,2.42,3.06,5.51,3.64,2.8,10.49,35.4,38.85
 8/18/2018,2,T10,0,6,610,6101,2.24,2.68,4.66,3.05,2.41,9.71,37.48,42.25
 8/18/2018,2,T10,0,6,610,6102,2.24,2.7,4.61,3.02,2.45,9.59,38.83,44.29
8/25/2018,2,T8,4,1,101,1011,2.64,3.37,6.76,5.25,3.33,13.24,36.91,40.37
8/25/2018,2,T8,4,1,101,1012,2.57,3.23,6.31,4.7,3.17,12.38,35.7,38.97
8/25/2018,2,T6,2,1,102,1021,2.7,3.45,6.94,5.59,3.78,13.01,32.83,35.71
8/25/2018,2,T6,2,1,102,1022,2.71,3.44,6.92,5.35,3.53,13.7,36.89,40.12
8/25/2018,1,T4,5,1,103,1031,3.19,4.34,8.38,7.56,5.24,14.79,29.64,31.89
8/25/2018,1,T4,5,1,103,1032,2.71,3.43,6.34,5.16,3.61,12.15,30.47,33.8
8/25/2018,2,T7,3,1,104,1041,2.54,3.15,5.75,4.55,3.25,11.2,32.61,36.34
8/25/2018,2,T7,3,1,104,1042,2.73,3.55,6.92,5.41,3.52,12.86,31.93,34.47
8/25/2018,2,T9,5,1,105,1051,2.93,3.84,7.19,6.26,4.49,12.55,26.66,28.58
8/25/2018,2,T9,5,1,105,1052,3.01,3.93,7.31,6.65,4.72,12.71,25.47,27.23
8/25/2018,1,T2,3,1,106,1061,2.49,3.11,5.96,4.39,2.91,12.07,37.29,41.22
8/25/2018,1,T2,3,1,106,1062,2.49,3.04,5.9,4.29,2.78,12.22,37.94,42.27
8/25/2018,1,T5,0,1,107,1071,2.71,3.5,6.57,5.42,3.85,12.47,29.88,32.35
8/25/2018,1,T5,0,1,107,1072,2.47,3.11,5.94,4.48,3.02,11.73,33.2,36.49
8/25/2018,1,T3,4,1,108,1081,2.65,3.45,6.74,5.26,3.46,12.55,31.7,34.5
8/25/2018,1,T3,4,1,108,1082,2.78,3.76,7.53,6.41,4.31,13.52,29.35,31.21
8/25/2018,2,T10,0,1,109,1091,3.27,4.3,7.61,7.35,5.67,12.77,23.22,24.98
8/25/2018,2,T10,0,1,109,1092,2.75,3.5,6.32,5.54,4,11.84,27.97,30.5
8/25/2018,1,T1,2,1,110,1101,2.52,3.2,5.84,4.77,3.47,10.92,27.31,30.31
8/25/2018,1,T1,2,1,110,1102,2.59,3.23,6.14,4.72,3.13,12.56,38.89,42.92
8/25/2018,2,T9,5,2,201,2011,2.59,3.25,6.47,4.9,3.22,12.87,35.56,38.93
8/25/2018,2,T9,5,2,201,2012,2.61,3.33,6.65,5.19,3.41,13.23,36.43,39.97
8/25/2018,1,T2,3,2,202,2021,2.94,3.97,7.94,6.89,4.69,14.06,29.37,31.78
8/25/2018,1,T2,3,2,202,2022,3.03,4.12,8.35,7.29,5,14.83,29.82,31.89
8/25/2018,1,T1,2,2,203,2031,2.85,3.81,7.43,5.87,3.92,13.67,32.68,34.91
8/25/2018,1,T1,2,2,203,2032,2.56,3.19,6.27,4.58,2.97,12.57,37.41,41.35
8/25/2018,1,T5,0,2,204,2041,2.74,3.56,7,5.84,4.06,13.1,31.18,33.99
8/25/2018,1,T5,0,2,204,2042,2.89,4,8.22,6.78,4.55,14.61,31.35,33.83
8/25/2018,2,T8,4,2,205,2051,2.75,3.78,7.85,6.39,4.08,14.49,33.95,36.71
8/25/2018,2,T8,4,2,205,2052,2.7,3.65,7.45,5.91,3.86,13.89,32.22,34.23
8/25/2018,2,T6,2,2,206,2061,2.65,3.26,6.47,4.73,3.05,13.22,38.97,42.67
8/25/2018,2,T6,2,2,206,2062,2.75,3.51,6.87,5.5,3.59,13.49,34.59,37.71
8/25/2018,2,T7,3,2,207,2071,2.93,4.08,8.44,7.61,5.36,14.85,28.64,30.5
8/25/2018,2,T7,3,2,207,2072,3.15,4.33,8.74,8.04,5.43,15.41,30.12,32.13
8/25/2018,1,T4,5,2,208,2081,2.51,3.17,6.48,4.93,3.17,12.71,34.4,37.83
8/25/2018,1,T4,5,2,208,2082,2.89,3.71,7.15,5.88,4.1,13.51,32.14,35.31
8/25/2018,1,T3,4,2,209,2091,2.65,3.31,6.24,5.21,3.59,12.08,33.46,36.57
8/25/2018,1,T3,4,2,209,2092,2.93,4.04,8.26,7.29,4.91,14.5,30.54,32.7
8/25/2018,2,T10,0,2,210,2101,2.95,3.97,7.83,6.44,4.18,14.42,33.62,36.01
8/25/2018,2,T10,0,2,210,2102,2.72,3.44,6.48,5.23,3.7,11.52,27.41,29.49
8/25/2018,1,T5,0,3,301,3011,2.92,3.88,7.4,6.72,4.86,12.9,25.8,27.54
8/25/2018,1,T5,0,3,301,3012,3.06,4.13,8.04,7.15,4.9,14.29,28.86,30.85
8/25/2018,2,T6,2,3,302,3021,2.83,3.57,6.65,5.47,3.85,12.72,30.31,33.36
8/25/2018,2,T6,2,3,302,3022,2.92,3.82,7.55,6.73,4.64,13.83,29.57,31.99
8/25/2018,1,T3,4,3,303,3031,2.91,3.94,7.89,6.72,4.49,14.05,29.83,31.85
8/25/2018,1,T3,4,3,303,3032,3.2,4.45,8.72,8.48,6.39,14.98,26.41,28.31
8/25/2018,2,T8,4,3,304,3041,3.09,4.09,7.71,7.05,5.08,13.39,26.32,28.36
8/25/2018,2,T8,4,3,304,3042,3.12,4.09,7.69,7.07,5.18,13.22,26.25,28.21
8/25/2018,2,T9,5,3,305,3051,2.67,3.37,6.67,5.38,3.56,12.88,33.61,36.73
8/25/2018,2,T9,5,3,305,3052,2.79,3.55,6.94,5.63,3.78,13.23,33.87,37.25
8/25/2018,1,T4,5,3,306,3061,2.63,3.28,6.17,4.88,3.41,11.88,31.5,34.82
8/25/2018,1,T4,5,3,306,3062,2.6,3.26,6.34,5,3.32,12.6,34.06,37.11
8/25/2018,1,T1,2,3,307,3071,2.8,3.66,7.08,5.85,4.01,12.55,28.26,30.64
8/25/2018,1,T1,2,3,307,3072,2.82,3.67,7.09,5.88,4.02,12.51,27.68,29.53
8/25/2018,2,T10,0,3,308,3081,2.83,3.8,7.29,6.24,4.22,12.9,27.66,29.66
8/25/2018,2,T10,0,3,308,3082,2.81,3.66,7.09,5.78,3.86,12.94,30.34,33.15
8/25/2018,2,T7,3,3,309,3091,2.73,3.54,6.75,5.31,3.55,12.44,31.45,34.05
8/25/2018,2,T7,3,3,309,3092,2.48,3.06,5.83,4.29,2.86,11.89,37.3,41.08
8/25/2018,1,T2,3,3,310,3101,2.53,3.04,5.59,3.95,2.69,11.72,40.85,45.52
8/25/2018,1,T2,3,3,310,3102,2.45,2.92,5.37,3.75,2.61,11.08,37.92,41.97
8/25/2018,1,T3,4,4,401,4011,2.81,3.76,7.45,6.4,4.46,12.92,27.35,29.59
8/25/2018,1,T3,4,4,401,4012,2.8,3.66,6.92,5.86,4.05,12.19,27.72,29.93
8/25/2018,2,T6,2,4,402,4021,2.76,3.51,6.85,5.71,3.8,13.13,33.23,36.15
8/25/2018,2,T6,2,4,402,4022,2.79,3.58,7.24,5.71,3.87,13.92,35.24,38.61
8/25/2018,1,T5,0,4,403,4031,2.72,3.47,6.58,5.25,3.57,12.74,33.17,36.4
8/25/2018,1,T5,0,4,403,4032,2.57,3.25,6.13,4.67,3.19,12.06,33.75,36.86
8/25/2018,1,T2,3,4,404,4041,2.88,3.73,6.99,5.9,4.1,12.3,27.65,29.51
8/25/2018,1,T2,3,4,404,4042,2.84,3.59,6.68,5.58,3.98,11.69,27.38,29.67
8/25/2018,1,T1,2,4,405,4051,2.98,3.93,7.48,6.54,4.53,13.26,27.88,29.75
8/25/2018,1,T1,2,4,405,4052,2.87,3.82,7.34,6.25,4.28,12.98,27.21,28.74
8/25/2018,1,T4,5,4,406,4061,3.05,4.1,7.94,7.2,4.91,13.92,27.81,29.95
8/25/2018,1,T4,5,4,406,4062,3.16,4.29,8.16,7.37,5.23,14.42,28.93,31.19
8/25/2018,2,T10,0,4,407,4071,2.8,3.67,7.04,5.79,3.88,12.94,30,32.84
8/25/2018,2,T10,0,4,407,4072,2.92,3.75,7.07,6.14,4.4,13.03,29.5,32.36
8/25/2018,2,T8,4,4,408,4081,2.67,3.43,6.74,5.53,3.75,12.78,30.76,33.66
8/25/2018,2,T8,4,4,408,4082,2.87,3.76,7.53,6.18,4.18,13.99,33.47,36.45
8/25/2018,2,T7,3,4,409,4091,2.44,2.93,5.49,3.9,2.68,11.2,36.86,40.98
8/25/2018,2,T7,3,4,409,4092,2.92,3.88,7.42,6.51,4.62,12.91,26.82,28.78
8/25/2018,2,T9,5,4,410,4101,2.97,3.99,7.66,6.71,4.7,13.36,27.41,29.45
8/25/2018,2,T9,5,4,410,4102,2.98,3.81,7,6.21,4.51,12.74,28.52,31.46
8/25/2018,2,T10,0,5,501,5011,2.78,3.57,7.02,5.41,3.57,13.12,33.55,36.08
8/25/2018,2,T10,0,5,501,5012,2.8,3.74,7.4,5.87,3.87,13.55,32.58,34.85
8/25/2018,1,T2,3,5,502,5021,2.56,3.18,6.3,4.56,3.01,12.72,37.54,41.06
8/25/2018,1,T2,3,5,502,5022,2.69,3.46,6.8,5.64,3.92,13.07,31.85,35
8/25/2018,1,T5,0,5,503,5031,2.93,3.88,7.53,6.59,4.55,13.8,28.17,29.87
8/25/2018,1,T5,0,5,503,5032,3.1,4.23,8.17,7.23,4.94,14.46,29.09,31.14
8/25/2018,2,T8,4,5,504,5041,3.28,4.4,8.4,8.31,6.04,14.58,26.42,28.05
8/25/2018,2,T8,4,5,504,5042,3.23,4.35,8.06,7.78,5.84,13.86,25.37,27.18
8/25/2018,2,T7,3,5,505,5051,2.94,3.95,7.66,6.64,4.61,13.59,27.81,29.61
8/25/2018,2,T7,3,5,505,5052,3.08,4.11,7.89,6.96,4.75,14.07,28.8,31.22
8/25/2018,2,T9,5,5,506,5061,2.68,3.36,6.45,5.05,3.45,12.47,32.27,35.62
8/25/2018,2,T9,5,5,506,5062,3.18,4.15,7.36,6.79,5.12,13.63,27.9,30.51
8/25/2018,2,T6,2,5,507,5071,2.88,3.77,7.17,6.28,4.48,13.29,29.75,32.27
8/25/2018,2,T6,2,5,507,5072,2.58,3.3,6.47,4.98,3.27,12.71,33.74,36.75
8/25/2018,1,T4,5,5,508,5081,2.45,3.09,5.89,4.33,2.92,11.66,35.41,39.05
8/25/2018,1,T4,5,5,508,5082,2.52,3.13,5.72,4.43,3.14,11.39,33,36.69
8/25/2018,1,T3,4,5,509,5091,2.98,3.87,7.21,6.21,4.44,13.62,32.03,34.88
8/25/2018,1,T3,4,5,509,5092,2.45,3.02,5.64,4.25,2.88,11.38,34.71,38.55
8/25/2018,1,T1,2,5,510,5101,2.46,3,5.56,4.1,2.78,11.27,35.71,39.72
8/25/2018,1,T1,2,5,510,5102,2.91,3.75,6.9,5.95,4.23,12.01,26.13,28
8/25/2018,1,T3,4,6,601,6011,2.94,4.06,8.3,6.98,4.72,14.75,31.8,34.16
8/25/2018,1,T3,4,6,601,6012,2.98,4.05,8.14,6.95,4.71,14.61,31.55,33.65
8/25/2018,2,T6,2,6,602,6021,3.18,4.32,8.53,8.04,5.88,14.98,27.48,28.94
8/25/2018,2,T6,2,6,602,6022,3.18,4.21,7.94,7.35,5.25,14.24,29.12,31.32
8/25/2018,1,T1,2,6,603,6031,2.66,3.47,6.65,5.76,4.09,12.3,28.02,30.38
8/25/2018,1,T1,2,6,603,6032,2.65,3.31,6.26,5.06,3.47,12.1,33.6,36.98
8/25/2018,1,T5,0,6,604,6041,2.81,3.68,7.18,6.05,4.04,12.94,29.67,31.83
8/25/2018,1,T5,0,6,604,6042,2.84,3.68,7.1,5.85,3.9,12.81,30.51,32.77
8/25/2018,2,T8,4,6,605,6051,2.87,3.66,6.74,5.93,4.21,12.79,28.34,30.64
8/25/2018,2,T8,4,6,605,6052,2.86,3.65,6.76,5.83,4.18,12.59,29.15,31.53
8/25/2018,2,T7,3,6,606,6061,3.02,3.93,7.3,6.53,4.75,13.2,28.11,30.23
8/25/2018,2,T7,3,6,606,6062,2.74,3.49,6.64,5.57,3.92,12.63,30.64,33.43
8/25/2018,1,T4,5,6,607,6071,2.69,3.45,6.62,5.35,3.6,12.77,32.15,35.04
8/25/2018,1,T4,5,6,607,6072,3.09,4.06,7.41,7.05,5.25,12.8,24.44,26.15
8/25/2018,2,T9,5,6,608,6081,3.26,4.41,8.12,8.05,6.16,13.94,24.76,26.53
8/25/2018,2,T9,5,6,608,6082,3.22,4.25,7.72,7.74,5.79,13.35,23.67,25.35
8/25/2018,1,T2,3,6,609,6091,3.07,3.98,7.26,6.51,4.81,12.48,25.22,26.98
8/25/2018,1,T2,3,6,609,6092,2.95,3.93,7.72,6.65,4.61,13.42,28.29,30.45
8/25/2018,2,T10,0,6,610,6101,3.01,4.04,7.9,6.84,4.84,13.87,28.68,30.87
8/25/2018,2,T10,0,6,610,6102,3.03,4.06,7.96,7.34,5.24,13.74,26.26,28.25
